timestamp_assumption,setting,contrast,path,common_days,mean_paired_difference_bp
start,reference,combined_minus_time,O-L-H-C,20,-0.5616069033421938
start,reference,stop_minus_time,O-L-H-C,20,0.18008207578608065
start,reference,combined_minus_stop,O-L-H-C,20,-0.7416889791282744
start,reference,combined_minus_time,O-H-L-C,20,-0.5616069033421938
start,reference,stop_minus_time,O-H-L-C,20,0.18008207578608065
start,reference,combined_minus_stop,O-H-L-C,20,-0.7416889791282744
start,cost_5,combined_minus_time,O-L-H-C,20,-0.5616069033421933
start,cost_5,stop_minus_time,O-L-H-C,20,0.180082075786081
start,cost_5,combined_minus_stop,O-L-H-C,20,-0.7416889791282744
start,cost_5,combined_minus_time,O-H-L-C,20,-0.5616069033421933
start,cost_5,stop_minus_time,O-H-L-C,20,0.180082075786081
start,cost_5,combined_minus_stop,O-H-L-C,20,-0.7416889791282744
start,cost_25,combined_minus_time,O-L-H-C,20,-0.5616069033421932
start,cost_25,stop_minus_time,O-L-H-C,20,0.1800820757860812
start,cost_25,combined_minus_stop,O-L-H-C,20,-0.7416889791282746
start,cost_25,combined_minus_time,O-H-L-C,20,-0.5616069033421932
start,cost_25,stop_minus_time,O-H-L-C,20,0.1800820757860812
start,cost_25,combined_minus_stop,O-H-L-C,20,-0.7416889791282746
start,stop_slippage_5,combined_minus_time,O-L-H-C,20,-0.9616069033421937
start,stop_slippage_5,stop_minus_time,O-L-H-C,20,-0.21991792421391926
start,stop_slippage_5,combined_minus_stop,O-L-H-C,20,-0.7416889791282741
start,stop_slippage_5,combined_minus_time,O-H-L-C,20,-0.9616069033421937
start,stop_slippage_5,stop_minus_time,O-H-L-C,20,-0.21991792421391926
start,stop_slippage_5,combined_minus_stop,O-H-L-C,20,-0.7416889791282741
start,stop_slippage_10,combined_minus_time,O-L-H-C,20,-1.3616069033421938
start,stop_slippage_10,stop_minus_time,O-L-H-C,20,-0.6199179242139194
start,stop_slippage_10,combined_minus_stop,O-L-H-C,20,-0.7416889791282744
start,stop_slippage_10,combined_minus_time,O-H-L-C,20,-1.3616069033421938
start,stop_slippage_10,stop_minus_time,O-H-L-C,20,-0.6199179242139194
start,stop_slippage_10,combined_minus_stop,O-H-L-C,20,-0.7416889791282744
start,delay_2,combined_minus_time,O-L-H-C,20,-0.07095015453296764
start,delay_2,stop_minus_time,O-L-H-C,20,0.4762963017306717
start,delay_2,combined_minus_stop,O-L-H-C,20,-0.5472464562636394
start,delay_2,combined_minus_time,O-H-L-C,20,-0.07095015453296764
start,delay_2,stop_minus_time,O-H-L-C,20,0.4762963017306717
start,delay_2,combined_minus_stop,O-H-L-C,20,-0.5472464562636394
start,delay_5,combined_minus_time,O-L-H-C,20,-0.996769041783885
start,delay_5,stop_minus_time,O-L-H-C,20,0.026934746327877596
start,delay_5,combined_minus_stop,O-L-H-C,20,-1.0237037881117628
start,delay_5,combined_minus_time,O-H-L-C,20,-0.996769041783885
start,delay_5,stop_minus_time,O-H-L-C,20,0.026934746327877596
start,delay_5,combined_minus_stop,O-H-L-C,20,-1.0237037881117628
end,reference,combined_minus_time,O-L-H-C,20,-1.0715210011419285
end,reference,stop_minus_time,O-L-H-C,20,-0.47307228714583704
end,reference,combined_minus_stop,O-L-H-C,20,-0.5984487139960916
end,reference,combined_minus_time,O-H-L-C,20,-1.0715210011419285
end,reference,stop_minus_time,O-H-L-C,20,-0.47307228714583704
end,reference,combined_minus_stop,O-H-L-C,20,-0.5984487139960916
end,cost_5,combined_minus_time,O-L-H-C,20,-1.0715210011419285
end,cost_5,stop_minus_time,O-L-H-C,20,-0.47307228714583704
end,cost_5,combined_minus_stop,O-L-H-C,20,-0.5984487139960916
end,cost_5,combined_minus_time,O-H-L-C,20,-1.0715210011419285
end,cost_5,stop_minus_time,O-H-L-C,20,-0.47307228714583704
end,cost_5,combined_minus_stop,O-H-L-C,20,-0.5984487139960916
end,cost_25,combined_minus_time,O-L-H-C,20,-1.0715210011419287
end,cost_25,stop_minus_time,O-L-H-C,20,-0.47307228714583716
end,cost_25,combined_minus_stop,O-L-H-C,20,-0.5984487139960915
end,cost_25,combined_minus_time,O-H-L-C,20,-1.0715210011419287
end,cost_25,stop_minus_time,O-H-L-C,20,-0.47307228714583716
end,cost_25,combined_minus_stop,O-H-L-C,20,-0.5984487139960915
end,stop_slippage_5,combined_minus_time,O-L-H-C,20,-1.2965210011419288
end,stop_slippage_5,stop_minus_time,O-L-H-C,20,-0.6980722871458372
end,stop_slippage_5,combined_minus_stop,O-L-H-C,20,-0.5984487139960916
end,stop_slippage_5,combined_minus_time,O-H-L-C,20,-1.2965210011419288
end,stop_slippage_5,stop_minus_time,O-H-L-C,20,-0.6980722871458372
end,stop_slippage_5,combined_minus_stop,O-H-L-C,20,-0.5984487139960916
end,stop_slippage_10,combined_minus_time,O-L-H-C,20,-1.5215210011419285
end,stop_slippage_10,stop_minus_time,O-L-H-C,20,-0.923072287145837
end,stop_slippage_10,combined_minus_stop,O-L-H-C,20,-0.5984487139960916
end,stop_slippage_10,combined_minus_time,O-H-L-C,20,-1.5215210011419285
end,stop_slippage_10,stop_minus_time,O-H-L-C,20,-0.923072287145837
end,stop_slippage_10,combined_minus_stop,O-H-L-C,20,-0.5984487139960916
end,delay_2,combined_minus_time,O-L-H-C,20,-1.2042568251545318
end,delay_2,stop_minus_time,O-L-H-C,20,-0.6408873636177536
end,delay_2,combined_minus_stop,O-L-H-C,20,-0.563369461536778
end,delay_2,combined_minus_time,O-H-L-C,20,-1.2042568251545318
end,delay_2,stop_minus_time,O-H-L-C,20,-0.6408873636177536
end,delay_2,combined_minus_stop,O-H-L-C,20,-0.563369461536778
end,delay_5,combined_minus_time,O-L-H-C,20,-1.466364995941899
end,delay_5,stop_minus_time,O-L-H-C,20,-0.6666558698185275
end,delay_5,combined_minus_stop,O-L-H-C,20,-0.7997091261233713
end,delay_5,combined_minus_time,O-H-L-C,20,-1.466364995941899
end,delay_5,stop_minus_time,O-H-L-C,20,-0.6666558698185275
end,delay_5,combined_minus_stop,O-H-L-C,20,-0.7997091261233713
