timestamp_assumption,setting,calendar_sessions,role_counts,evaluation_status_counts,evaluation_candidate_counts,common_evaluable_days,evaluable_zero_trade_days,evaluable_dates,planned_unique_episodes_all_evaluation_days,planned_unique_episodes_evaluable_days,ambiguous_unique_episodes_all_evaluation_days,ambiguous_unique_episodes_evaluable_days,unresolved_unique_episodes_all_evaluation_days,minimum_available_cash_on_evaluable_days
start,reference,61,"{""evaluation"": 40, ""excluded_nonstandard"": 1, ""warmup"": 20}","{""EVALUABLE"": 20, ""INCOMPLETE_CANDIDATE_COVERAGE"": 20}","{""MISSING_HISTORY_WINDOW"": 1100, ""NO_SIGNAL"": 1067, ""SIGNAL"": 33}",20,4,"[""2021-02-01"", ""2021-02-02"", ""2021-02-03"", ""2021-02-04"", ""2021-02-05"", ""2021-02-08"", ""2021-02-09"", ""2021-02-10"", ""2021-02-11"", ""2021-02-12"", ""2021-02-15"", ""2021-02-16"", ""2021-02-17"", ""2021-02-18"", ""2021-02-19"", ""2021-02-22"", ""2021-02-23"", ""2021-03-26"", ""2021-03-30"", ""2021-03-31""]",33,33,0,0,0,79951.49393818434
start,cost_5,61,"{""evaluation"": 40, ""excluded_nonstandard"": 1, ""warmup"": 20}","{""EVALUABLE"": 20, ""INCOMPLETE_CANDIDATE_COVERAGE"": 20}","{""MISSING_HISTORY_WINDOW"": 1100, ""NO_SIGNAL"": 1067, ""SIGNAL"": 33}",20,4,"[""2021-02-01"", ""2021-02-02"", ""2021-02-03"", ""2021-02-04"", ""2021-02-05"", ""2021-02-08"", ""2021-02-09"", ""2021-02-10"", ""2021-02-11"", ""2021-02-12"", ""2021-02-15"", ""2021-02-16"", ""2021-02-17"", ""2021-02-18"", ""2021-02-19"", ""2021-02-22"", ""2021-02-23"", ""2021-03-26"", ""2021-03-30"", ""2021-03-31""]",33,33,0,0,0,79971.49393818434
start,cost_25,61,"{""evaluation"": 40, ""excluded_nonstandard"": 1, ""warmup"": 20}","{""EVALUABLE"": 20, ""INCOMPLETE_CANDIDATE_COVERAGE"": 20}","{""MISSING_HISTORY_WINDOW"": 1100, ""NO_SIGNAL"": 1067, ""SIGNAL"": 33}",20,4,"[""2021-02-01"", ""2021-02-02"", ""2021-02-03"", ""2021-02-04"", ""2021-02-05"", ""2021-02-08"", ""2021-02-09"", ""2021-02-10"", ""2021-02-11"", ""2021-02-12"", ""2021-02-15"", ""2021-02-16"", ""2021-02-17"", ""2021-02-18"", ""2021-02-19"", ""2021-02-22"", ""2021-02-23"", ""2021-03-26"", ""2021-03-30"", ""2021-03-31""]",33,33,0,0,0,79931.49393818434
start,stop_slippage_5,61,"{""evaluation"": 40, ""excluded_nonstandard"": 1, ""warmup"": 20}","{""EVALUABLE"": 20, ""INCOMPLETE_CANDIDATE_COVERAGE"": 20}","{""MISSING_HISTORY_WINDOW"": 1100, ""NO_SIGNAL"": 1067, ""SIGNAL"": 33}",20,4,"[""2021-02-01"", ""2021-02-02"", ""2021-02-03"", ""2021-02-04"", ""2021-02-05"", ""2021-02-08"", ""2021-02-09"", ""2021-02-10"", ""2021-02-11"", ""2021-02-12"", ""2021-02-15"", ""2021-02-16"", ""2021-02-17"", ""2021-02-18"", ""2021-02-19"", ""2021-02-22"", ""2021-02-23"", ""2021-03-26"", ""2021-03-30"", ""2021-03-31""]",33,33,0,0,0,79946.49393818434
start,stop_slippage_10,61,"{""evaluation"": 40, ""excluded_nonstandard"": 1, ""warmup"": 20}","{""EVALUABLE"": 20, ""INCOMPLETE_CANDIDATE_COVERAGE"": 20}","{""MISSING_HISTORY_WINDOW"": 1100, ""NO_SIGNAL"": 1067, ""SIGNAL"": 33}",20,4,"[""2021-02-01"", ""2021-02-02"", ""2021-02-03"", ""2021-02-04"", ""2021-02-05"", ""2021-02-08"", ""2021-02-09"", ""2021-02-10"", ""2021-02-11"", ""2021-02-12"", ""2021-02-15"", ""2021-02-16"", ""2021-02-17"", ""2021-02-18"", ""2021-02-19"", ""2021-02-22"", ""2021-02-23"", ""2021-03-26"", ""2021-03-30"", ""2021-03-31""]",33,33,0,0,0,79941.49393818434
start,delay_2,61,"{""evaluation"": 40, ""excluded_nonstandard"": 1, ""warmup"": 20}","{""EVALUABLE"": 20, ""INCOMPLETE_CANDIDATE_COVERAGE"": 20}","{""MISSING_HISTORY_WINDOW"": 1100, ""NO_SIGNAL"": 1067, ""SIGNAL"": 33}",20,4,"[""2021-02-01"", ""2021-02-02"", ""2021-02-03"", ""2021-02-04"", ""2021-02-05"", ""2021-02-08"", ""2021-02-09"", ""2021-02-10"", ""2021-02-11"", ""2021-02-12"", ""2021-02-15"", ""2021-02-16"", ""2021-02-17"", ""2021-02-18"", ""2021-02-19"", ""2021-02-22"", ""2021-02-23"", ""2021-03-26"", ""2021-03-30"", ""2021-03-31""]",33,33,0,0,0,79951.49393818434
start,delay_5,61,"{""evaluation"": 40, ""excluded_nonstandard"": 1, ""warmup"": 20}","{""EVALUABLE"": 20, ""INCOMPLETE_CANDIDATE_COVERAGE"": 20}","{""MISSING_HISTORY_WINDOW"": 1100, ""NO_SIGNAL"": 1067, ""SIGNAL"": 33}",20,4,"[""2021-02-01"", ""2021-02-02"", ""2021-02-03"", ""2021-02-04"", ""2021-02-05"", ""2021-02-08"", ""2021-02-09"", ""2021-02-10"", ""2021-02-11"", ""2021-02-12"", ""2021-02-15"", ""2021-02-16"", ""2021-02-17"", ""2021-02-18"", ""2021-02-19"", ""2021-02-22"", ""2021-02-23"", ""2021-03-26"", ""2021-03-30"", ""2021-03-31""]",33,33,0,0,0,79985.0
end,reference,61,"{""evaluation"": 40, ""excluded_nonstandard"": 1, ""warmup"": 20}","{""EVALUABLE"": 20, ""INCOMPLETE_CANDIDATE_COVERAGE"": 20}","{""MISSING_HISTORY_WINDOW"": 1100, ""NO_SIGNAL"": 1076, ""SIGNAL"": 24}",20,7,"[""2021-02-01"", ""2021-02-02"", ""2021-02-03"", ""2021-02-04"", ""2021-02-05"", ""2021-02-08"", ""2021-02-09"", ""2021-02-10"", ""2021-02-11"", ""2021-02-12"", ""2021-02-15"", ""2021-02-16"", ""2021-02-17"", ""2021-02-18"", ""2021-02-19"", ""2021-02-22"", ""2021-02-23"", ""2021-03-26"", ""2021-03-30"", ""2021-03-31""]",24,24,0,0,0,80000.06850575565
end,cost_5,61,"{""evaluation"": 40, ""excluded_nonstandard"": 1, ""warmup"": 20}","{""EVALUABLE"": 20, ""INCOMPLETE_CANDIDATE_COVERAGE"": 20}","{""MISSING_HISTORY_WINDOW"": 1100, ""NO_SIGNAL"": 1076, ""SIGNAL"": 24}",20,7,"[""2021-02-01"", ""2021-02-02"", ""2021-02-03"", ""2021-02-04"", ""2021-02-05"", ""2021-02-08"", ""2021-02-09"", ""2021-02-10"", ""2021-02-11"", ""2021-02-12"", ""2021-02-15"", ""2021-02-16"", ""2021-02-17"", ""2021-02-18"", ""2021-02-19"", ""2021-02-22"", ""2021-02-23"", ""2021-03-26"", ""2021-03-30"", ""2021-03-31""]",24,24,0,0,0,80020.06850575565
end,cost_25,61,"{""evaluation"": 40, ""excluded_nonstandard"": 1, ""warmup"": 20}","{""EVALUABLE"": 20, ""INCOMPLETE_CANDIDATE_COVERAGE"": 20}","{""MISSING_HISTORY_WINDOW"": 1100, ""NO_SIGNAL"": 1076, ""SIGNAL"": 24}",20,7,"[""2021-02-01"", ""2021-02-02"", ""2021-02-03"", ""2021-02-04"", ""2021-02-05"", ""2021-02-08"", ""2021-02-09"", ""2021-02-10"", ""2021-02-11"", ""2021-02-12"", ""2021-02-15"", ""2021-02-16"", ""2021-02-17"", ""2021-02-18"", ""2021-02-19"", ""2021-02-22"", ""2021-02-23"", ""2021-03-26"", ""2021-03-30"", ""2021-03-31""]",24,24,0,0,0,79980.06850575565
end,stop_slippage_5,61,"{""evaluation"": 40, ""excluded_nonstandard"": 1, ""warmup"": 20}","{""EVALUABLE"": 20, ""INCOMPLETE_CANDIDATE_COVERAGE"": 20}","{""MISSING_HISTORY_WINDOW"": 1100, ""NO_SIGNAL"": 1076, ""SIGNAL"": 24}",20,7,"[""2021-02-01"", ""2021-02-02"", ""2021-02-03"", ""2021-02-04"", ""2021-02-05"", ""2021-02-08"", ""2021-02-09"", ""2021-02-10"", ""2021-02-11"", ""2021-02-12"", ""2021-02-15"", ""2021-02-16"", ""2021-02-17"", ""2021-02-18"", ""2021-02-19"", ""2021-02-22"", ""2021-02-23"", ""2021-03-26"", ""2021-03-30"", ""2021-03-31""]",24,24,0,0,0,80000.06850575565
end,stop_slippage_10,61,"{""evaluation"": 40, ""excluded_nonstandard"": 1, ""warmup"": 20}","{""EVALUABLE"": 20, ""INCOMPLETE_CANDIDATE_COVERAGE"": 20}","{""MISSING_HISTORY_WINDOW"": 1100, ""NO_SIGNAL"": 1076, ""SIGNAL"": 24}",20,7,"[""2021-02-01"", ""2021-02-02"", ""2021-02-03"", ""2021-02-04"", ""2021-02-05"", ""2021-02-08"", ""2021-02-09"", ""2021-02-10"", ""2021-02-11"", ""2021-02-12"", ""2021-02-15"", ""2021-02-16"", ""2021-02-17"", ""2021-02-18"", ""2021-02-19"", ""2021-02-22"", ""2021-02-23"", ""2021-03-26"", ""2021-03-30"", ""2021-03-31""]",24,24,0,0,0,80000.06850575565
end,delay_2,61,"{""evaluation"": 40, ""excluded_nonstandard"": 1, ""warmup"": 20}","{""EVALUABLE"": 20, ""INCOMPLETE_CANDIDATE_COVERAGE"": 20}","{""MISSING_HISTORY_WINDOW"": 1100, ""NO_SIGNAL"": 1076, ""SIGNAL"": 24}",20,7,"[""2021-02-01"", ""2021-02-02"", ""2021-02-03"", ""2021-02-04"", ""2021-02-05"", ""2021-02-08"", ""2021-02-09"", ""2021-02-10"", ""2021-02-11"", ""2021-02-12"", ""2021-02-15"", ""2021-02-16"", ""2021-02-17"", ""2021-02-18"", ""2021-02-19"", ""2021-02-22"", ""2021-02-23"", ""2021-03-26"", ""2021-03-30"", ""2021-03-31""]",24,24,0,0,0,80000.06850575565
end,delay_5,61,"{""evaluation"": 40, ""excluded_nonstandard"": 1, ""warmup"": 20}","{""EVALUABLE"": 20, ""INCOMPLETE_CANDIDATE_COVERAGE"": 20}","{""MISSING_HISTORY_WINDOW"": 1100, ""NO_SIGNAL"": 1076, ""SIGNAL"": 24}",20,7,"[""2021-02-01"", ""2021-02-02"", ""2021-02-03"", ""2021-02-04"", ""2021-02-05"", ""2021-02-08"", ""2021-02-09"", ""2021-02-10"", ""2021-02-11"", ""2021-02-12"", ""2021-02-15"", ""2021-02-16"", ""2021-02-17"", ""2021-02-18"", ""2021-02-19"", ""2021-02-22"", ""2021-02-23"", ""2021-03-26"", ""2021-03-30"", ""2021-03-31""]",24,24,0,0,0,80000.06850575565
