timestamp_assumption,setting,policy,path,common_days,mean_net_daily_return_bp
start,reference,time_only,O-L-H-C,20,-2.914201696720809
start,reference,stop_only,O-L-H-C,20,-2.7341196209347283
start,reference,stop_and_target,O-L-H-C,20,-3.475808600063003
start,reference,time_only,O-H-L-C,20,-2.914201696720809
start,reference,stop_only,O-H-L-C,20,-2.7341196209347283
start,reference,stop_and_target,O-H-L-C,20,-3.475808600063003
start,cost_5,time_only,O-L-H-C,20,-1.2642016967208092
start,cost_5,stop_only,O-L-H-C,20,-1.0841196209347281
start,cost_5,stop_and_target,O-L-H-C,20,-1.8258086000630023
start,cost_5,time_only,O-H-L-C,20,-1.2642016967208092
start,cost_5,stop_only,O-H-L-C,20,-1.0841196209347281
start,cost_5,stop_and_target,O-H-L-C,20,-1.8258086000630023
start,cost_25,time_only,O-L-H-C,20,-4.56420169672081
start,cost_25,stop_only,O-L-H-C,20,-4.384119620934728
start,cost_25,stop_and_target,O-L-H-C,20,-5.125808600063002
start,cost_25,time_only,O-H-L-C,20,-4.56420169672081
start,cost_25,stop_only,O-H-L-C,20,-4.384119620934728
start,cost_25,stop_and_target,O-H-L-C,20,-5.125808600063002
start,stop_slippage_5,time_only,O-L-H-C,20,-2.914201696720809
start,stop_slippage_5,stop_only,O-L-H-C,20,-3.134119620934728
start,stop_slippage_5,stop_and_target,O-L-H-C,20,-3.875808600063002
start,stop_slippage_5,time_only,O-H-L-C,20,-2.914201696720809
start,stop_slippage_5,stop_only,O-H-L-C,20,-3.134119620934728
start,stop_slippage_5,stop_and_target,O-H-L-C,20,-3.875808600063002
start,stop_slippage_10,time_only,O-L-H-C,20,-2.914201696720809
start,stop_slippage_10,stop_only,O-L-H-C,20,-3.534119620934728
start,stop_slippage_10,stop_and_target,O-L-H-C,20,-4.275808600063003
start,stop_slippage_10,time_only,O-H-L-C,20,-2.914201696720809
start,stop_slippage_10,stop_only,O-H-L-C,20,-3.534119620934728
start,stop_slippage_10,stop_and_target,O-H-L-C,20,-4.275808600063003
start,delay_2,time_only,O-L-H-C,20,-3.77380469550791
start,delay_2,stop_only,O-L-H-C,20,-3.297508393777238
start,delay_2,stop_and_target,O-L-H-C,20,-3.8447548500408777
start,delay_2,time_only,O-H-L-C,20,-3.77380469550791
start,delay_2,stop_only,O-H-L-C,20,-3.297508393777238
start,delay_2,stop_and_target,O-H-L-C,20,-3.8447548500408777
start,delay_5,time_only,O-L-H-C,20,-2.823008071136102
start,delay_5,stop_only,O-L-H-C,20,-2.7960733248082246
start,delay_5,stop_and_target,O-L-H-C,20,-3.8197771129199873
start,delay_5,time_only,O-H-L-C,20,-2.823008071136102
start,delay_5,stop_only,O-H-L-C,20,-2.7960733248082246
start,delay_5,stop_and_target,O-H-L-C,20,-3.8197771129199873
end,reference,time_only,O-L-H-C,20,-0.8858928725245614
end,reference,stop_only,O-L-H-C,20,-1.3589651596703982
end,reference,stop_and_target,O-L-H-C,20,-1.95741387366649
end,reference,time_only,O-H-L-C,20,-0.8858928725245614
end,reference,stop_only,O-H-L-C,20,-1.3589651596703982
end,reference,stop_and_target,O-H-L-C,20,-1.95741387366649
end,cost_5,time_only,O-L-H-C,20,0.31410712747543873
end,cost_5,stop_only,O-L-H-C,20,-0.15896515967039831
end,cost_5,stop_and_target,O-L-H-C,20,-0.7574138736664898
end,cost_5,time_only,O-H-L-C,20,0.31410712747543873
end,cost_5,stop_only,O-H-L-C,20,-0.15896515967039831
end,cost_5,stop_and_target,O-H-L-C,20,-0.7574138736664898
end,cost_25,time_only,O-L-H-C,20,-2.0858928725245613
end,cost_25,stop_only,O-L-H-C,20,-2.5589651596703984
end,cost_25,stop_and_target,O-L-H-C,20,-3.15741387366649
end,cost_25,time_only,O-H-L-C,20,-2.0858928725245613
end,cost_25,stop_only,O-H-L-C,20,-2.5589651596703984
end,cost_25,stop_and_target,O-H-L-C,20,-3.15741387366649
end,stop_slippage_5,time_only,O-L-H-C,20,-0.8858928725245614
end,stop_slippage_5,stop_only,O-L-H-C,20,-1.5839651596703983
end,stop_slippage_5,stop_and_target,O-L-H-C,20,-2.1824138736664898
end,stop_slippage_5,time_only,O-H-L-C,20,-0.8858928725245614
end,stop_slippage_5,stop_only,O-H-L-C,20,-1.5839651596703983
end,stop_slippage_5,stop_and_target,O-H-L-C,20,-2.1824138736664898
end,stop_slippage_10,time_only,O-L-H-C,20,-0.8858928725245614
end,stop_slippage_10,stop_only,O-L-H-C,20,-1.8089651596703984
end,stop_slippage_10,stop_and_target,O-L-H-C,20,-2.40741387366649
end,stop_slippage_10,time_only,O-H-L-C,20,-0.8858928725245614
end,stop_slippage_10,stop_only,O-H-L-C,20,-1.8089651596703984
end,stop_slippage_10,stop_and_target,O-H-L-C,20,-2.40741387366649
end,delay_2,time_only,O-L-H-C,20,-0.25539394999837667
end,delay_2,stop_only,O-L-H-C,20,-0.8962813136161302
end,delay_2,stop_and_target,O-L-H-C,20,-1.4596507751529084
end,delay_2,time_only,O-H-L-C,20,-0.25539394999837667
end,delay_2,stop_only,O-H-L-C,20,-0.8962813136161302
end,delay_2,stop_and_target,O-H-L-C,20,-1.4596507751529084
end,delay_5,time_only,O-L-H-C,20,0.1459566456105858
end,delay_5,stop_only,O-L-H-C,20,-0.5206992242079418
end,delay_5,stop_and_target,O-L-H-C,20,-1.320408350331313
end,delay_5,time_only,O-H-L-C,20,0.1459566456105858
end,delay_5,stop_only,O-H-L-C,20,-0.5206992242079418
end,delay_5,stop_and_target,O-H-L-C,20,-1.320408350331313
