timestamp_assumption,setting,comparison,policy,path,intersection_days,identical_entries_on_intersection,mean_variant_minus_reference_bp
start,cost_5,variant_minus_reference_on_common_days,time_only,O-L-H-C,20,True,1.65
start,cost_5,variant_minus_reference_on_common_days,stop_only,O-L-H-C,20,True,1.6500000000000004
start,cost_5,variant_minus_reference_on_common_days,stop_and_target,O-L-H-C,20,True,1.6500000000000004
start,cost_5,variant_minus_reference_on_common_days,time_only,O-H-L-C,20,True,1.65
start,cost_5,variant_minus_reference_on_common_days,stop_only,O-H-L-C,20,True,1.6500000000000004
start,cost_5,variant_minus_reference_on_common_days,stop_and_target,O-H-L-C,20,True,1.6500000000000004
start,cost_25,variant_minus_reference_on_common_days,time_only,O-L-H-C,20,True,-1.6500000000000004
start,cost_25,variant_minus_reference_on_common_days,stop_only,O-L-H-C,20,True,-1.6499999999999997
start,cost_25,variant_minus_reference_on_common_days,stop_and_target,O-L-H-C,20,True,-1.6499999999999997
start,cost_25,variant_minus_reference_on_common_days,time_only,O-H-L-C,20,True,-1.6500000000000004
start,cost_25,variant_minus_reference_on_common_days,stop_only,O-H-L-C,20,True,-1.6499999999999997
start,cost_25,variant_minus_reference_on_common_days,stop_and_target,O-H-L-C,20,True,-1.6499999999999997
start,stop_slippage_5,variant_minus_reference_on_common_days,time_only,O-L-H-C,20,True,0.0
start,stop_slippage_5,variant_minus_reference_on_common_days,stop_only,O-L-H-C,20,True,-0.3999999999999999
start,stop_slippage_5,variant_minus_reference_on_common_days,stop_and_target,O-L-H-C,20,True,-0.3999999999999998
start,stop_slippage_5,variant_minus_reference_on_common_days,time_only,O-H-L-C,20,True,0.0
start,stop_slippage_5,variant_minus_reference_on_common_days,stop_only,O-H-L-C,20,True,-0.3999999999999999
start,stop_slippage_5,variant_minus_reference_on_common_days,stop_and_target,O-H-L-C,20,True,-0.3999999999999998
start,stop_slippage_10,variant_minus_reference_on_common_days,time_only,O-L-H-C,20,True,0.0
start,stop_slippage_10,variant_minus_reference_on_common_days,stop_only,O-L-H-C,20,True,-0.8
start,stop_slippage_10,variant_minus_reference_on_common_days,stop_and_target,O-L-H-C,20,True,-0.8
start,stop_slippage_10,variant_minus_reference_on_common_days,time_only,O-H-L-C,20,True,0.0
start,stop_slippage_10,variant_minus_reference_on_common_days,stop_only,O-H-L-C,20,True,-0.8
start,stop_slippage_10,variant_minus_reference_on_common_days,stop_and_target,O-H-L-C,20,True,-0.8
start,delay_2,variant_minus_reference_on_common_days,time_only,O-L-H-C,20,False,-0.859602998787101
start,delay_2,variant_minus_reference_on_common_days,stop_only,O-L-H-C,20,False,-0.56338877284251
start,delay_2,variant_minus_reference_on_common_days,stop_and_target,O-L-H-C,20,False,-0.3689462499778749
start,delay_2,variant_minus_reference_on_common_days,time_only,O-H-L-C,20,False,-0.859602998787101
start,delay_2,variant_minus_reference_on_common_days,stop_only,O-H-L-C,20,False,-0.56338877284251
start,delay_2,variant_minus_reference_on_common_days,stop_and_target,O-H-L-C,20,False,-0.3689462499778749
start,delay_5,variant_minus_reference_on_common_days,time_only,O-L-H-C,20,False,0.09119362558470694
start,delay_5,variant_minus_reference_on_common_days,stop_only,O-L-H-C,20,False,-0.06195370387349617
start,delay_5,variant_minus_reference_on_common_days,stop_and_target,O-L-H-C,20,False,-0.3439685128569844
start,delay_5,variant_minus_reference_on_common_days,time_only,O-H-L-C,20,False,0.09119362558470694
start,delay_5,variant_minus_reference_on_common_days,stop_only,O-H-L-C,20,False,-0.06195370387349617
start,delay_5,variant_minus_reference_on_common_days,stop_and_target,O-H-L-C,20,False,-0.3439685128569844
end,cost_5,variant_minus_reference_on_common_days,time_only,O-L-H-C,20,True,1.2
end,cost_5,variant_minus_reference_on_common_days,stop_only,O-L-H-C,20,True,1.2
end,cost_5,variant_minus_reference_on_common_days,stop_and_target,O-L-H-C,20,True,1.2
end,cost_5,variant_minus_reference_on_common_days,time_only,O-H-L-C,20,True,1.2
end,cost_5,variant_minus_reference_on_common_days,stop_only,O-H-L-C,20,True,1.2
end,cost_5,variant_minus_reference_on_common_days,stop_and_target,O-H-L-C,20,True,1.2
end,cost_25,variant_minus_reference_on_common_days,time_only,O-L-H-C,20,True,-1.2
end,cost_25,variant_minus_reference_on_common_days,stop_only,O-L-H-C,20,True,-1.2000000000000002
end,cost_25,variant_minus_reference_on_common_days,stop_and_target,O-L-H-C,20,True,-1.2
end,cost_25,variant_minus_reference_on_common_days,time_only,O-H-L-C,20,True,-1.2
end,cost_25,variant_minus_reference_on_common_days,stop_only,O-H-L-C,20,True,-1.2000000000000002
end,cost_25,variant_minus_reference_on_common_days,stop_and_target,O-H-L-C,20,True,-1.2
end,stop_slippage_5,variant_minus_reference_on_common_days,time_only,O-L-H-C,20,True,0.0
end,stop_slippage_5,variant_minus_reference_on_common_days,stop_only,O-L-H-C,20,True,-0.22500000000000017
end,stop_slippage_5,variant_minus_reference_on_common_days,stop_and_target,O-L-H-C,20,True,-0.22500000000000014
end,stop_slippage_5,variant_minus_reference_on_common_days,time_only,O-H-L-C,20,True,0.0
end,stop_slippage_5,variant_minus_reference_on_common_days,stop_only,O-H-L-C,20,True,-0.22500000000000017
end,stop_slippage_5,variant_minus_reference_on_common_days,stop_and_target,O-H-L-C,20,True,-0.22500000000000014
end,stop_slippage_10,variant_minus_reference_on_common_days,time_only,O-L-H-C,20,True,0.0
end,stop_slippage_10,variant_minus_reference_on_common_days,stop_only,O-L-H-C,20,True,-0.45000000000000007
end,stop_slippage_10,variant_minus_reference_on_common_days,stop_and_target,O-L-H-C,20,True,-0.45
end,stop_slippage_10,variant_minus_reference_on_common_days,time_only,O-H-L-C,20,True,0.0
end,stop_slippage_10,variant_minus_reference_on_common_days,stop_only,O-H-L-C,20,True,-0.45000000000000007
end,stop_slippage_10,variant_minus_reference_on_common_days,stop_and_target,O-H-L-C,20,True,-0.45
end,delay_2,variant_minus_reference_on_common_days,time_only,O-L-H-C,20,False,0.6304989225261847
end,delay_2,variant_minus_reference_on_common_days,stop_only,O-L-H-C,20,False,0.46268384605426804
end,delay_2,variant_minus_reference_on_common_days,stop_and_target,O-L-H-C,20,False,0.4977630985135816
end,delay_2,variant_minus_reference_on_common_days,time_only,O-H-L-C,20,False,0.6304989225261847
end,delay_2,variant_minus_reference_on_common_days,stop_only,O-H-L-C,20,False,0.46268384605426804
end,delay_2,variant_minus_reference_on_common_days,stop_and_target,O-H-L-C,20,False,0.4977630985135816
end,delay_5,variant_minus_reference_on_common_days,time_only,O-L-H-C,20,False,1.031849518135147
end,delay_5,variant_minus_reference_on_common_days,stop_only,O-L-H-C,20,False,0.8382659354624566
end,delay_5,variant_minus_reference_on_common_days,stop_and_target,O-L-H-C,20,False,0.6370055233351767
end,delay_5,variant_minus_reference_on_common_days,time_only,O-H-L-C,20,False,1.031849518135147
end,delay_5,variant_minus_reference_on_common_days,stop_only,O-H-L-C,20,False,0.8382659354624566
end,delay_5,variant_minus_reference_on_common_days,stop_and_target,O-H-L-C,20,False,0.6370055233351767
end_minus_start,reference,timestamp_assumptions_on_common_days,time_only,O-L-H-C,20,False,2.0283088241962477
end_minus_start,reference,timestamp_assumptions_on_common_days,stop_only,O-L-H-C,20,False,1.37515446126433
end_minus_start,reference,timestamp_assumptions_on_common_days,stop_and_target,O-L-H-C,20,False,1.518394726396513
end_minus_start,reference,timestamp_assumptions_on_common_days,time_only,O-H-L-C,20,False,2.0283088241962477
end_minus_start,reference,timestamp_assumptions_on_common_days,stop_only,O-H-L-C,20,False,1.37515446126433
end_minus_start,reference,timestamp_assumptions_on_common_days,stop_and_target,O-H-L-C,20,False,1.518394726396513
end_minus_start,cost_5,timestamp_assumptions_on_common_days,time_only,O-L-H-C,20,False,1.5783088241962477
end_minus_start,cost_5,timestamp_assumptions_on_common_days,stop_only,O-L-H-C,20,False,0.9251544612643299
end_minus_start,cost_5,timestamp_assumptions_on_common_days,stop_and_target,O-L-H-C,20,False,1.0683947263965126
end_minus_start,cost_5,timestamp_assumptions_on_common_days,time_only,O-H-L-C,20,False,1.5783088241962477
end_minus_start,cost_5,timestamp_assumptions_on_common_days,stop_only,O-H-L-C,20,False,0.9251544612643299
end_minus_start,cost_5,timestamp_assumptions_on_common_days,stop_and_target,O-H-L-C,20,False,1.0683947263965126
end_minus_start,cost_25,timestamp_assumptions_on_common_days,time_only,O-L-H-C,20,False,2.4783088241962483
end_minus_start,cost_25,timestamp_assumptions_on_common_days,stop_only,O-L-H-C,20,False,1.8251544612643298
end_minus_start,cost_25,timestamp_assumptions_on_common_days,stop_and_target,O-L-H-C,20,False,1.9683947263965123
end_minus_start,cost_25,timestamp_assumptions_on_common_days,time_only,O-H-L-C,20,False,2.4783088241962483
end_minus_start,cost_25,timestamp_assumptions_on_common_days,stop_only,O-H-L-C,20,False,1.8251544612643298
end_minus_start,cost_25,timestamp_assumptions_on_common_days,stop_and_target,O-H-L-C,20,False,1.9683947263965123
end_minus_start,stop_slippage_5,timestamp_assumptions_on_common_days,time_only,O-L-H-C,20,False,2.0283088241962477
end_minus_start,stop_slippage_5,timestamp_assumptions_on_common_days,stop_only,O-L-H-C,20,False,1.5501544612643297
end_minus_start,stop_slippage_5,timestamp_assumptions_on_common_days,stop_and_target,O-L-H-C,20,False,1.6933947263965123
end_minus_start,stop_slippage_5,timestamp_assumptions_on_common_days,time_only,O-H-L-C,20,False,2.0283088241962477
end_minus_start,stop_slippage_5,timestamp_assumptions_on_common_days,stop_only,O-H-L-C,20,False,1.5501544612643297
end_minus_start,stop_slippage_5,timestamp_assumptions_on_common_days,stop_and_target,O-H-L-C,20,False,1.6933947263965123
end_minus_start,stop_slippage_10,timestamp_assumptions_on_common_days,time_only,O-L-H-C,20,False,2.0283088241962477
end_minus_start,stop_slippage_10,timestamp_assumptions_on_common_days,stop_only,O-L-H-C,20,False,1.7251544612643301
end_minus_start,stop_slippage_10,timestamp_assumptions_on_common_days,stop_and_target,O-L-H-C,20,False,1.8683947263965126
end_minus_start,stop_slippage_10,timestamp_assumptions_on_common_days,time_only,O-H-L-C,20,False,2.0283088241962477
end_minus_start,stop_slippage_10,timestamp_assumptions_on_common_days,stop_only,O-H-L-C,20,False,1.7251544612643301
end_minus_start,stop_slippage_10,timestamp_assumptions_on_common_days,stop_and_target,O-H-L-C,20,False,1.8683947263965126
end_minus_start,delay_2,timestamp_assumptions_on_common_days,time_only,O-L-H-C,20,False,3.5184107455095335
end_minus_start,delay_2,timestamp_assumptions_on_common_days,stop_only,O-L-H-C,20,False,2.401227080161108
end_minus_start,delay_2,timestamp_assumptions_on_common_days,stop_and_target,O-L-H-C,20,False,2.3851040748879693
end_minus_start,delay_2,timestamp_assumptions_on_common_days,time_only,O-H-L-C,20,False,3.5184107455095335
end_minus_start,delay_2,timestamp_assumptions_on_common_days,stop_only,O-H-L-C,20,False,2.401227080161108
end_minus_start,delay_2,timestamp_assumptions_on_common_days,stop_and_target,O-H-L-C,20,False,2.3851040748879693
end_minus_start,delay_5,timestamp_assumptions_on_common_days,time_only,O-L-H-C,20,False,2.9689647167466875
end_minus_start,delay_5,timestamp_assumptions_on_common_days,stop_only,O-L-H-C,20,False,2.2753741006002826
end_minus_start,delay_5,timestamp_assumptions_on_common_days,stop_and_target,O-L-H-C,20,False,2.499368762588674
end_minus_start,delay_5,timestamp_assumptions_on_common_days,time_only,O-H-L-C,20,False,2.9689647167466875
end_minus_start,delay_5,timestamp_assumptions_on_common_days,stop_only,O-H-L-C,20,False,2.2753741006002826
end_minus_start,delay_5,timestamp_assumptions_on_common_days,stop_and_target,O-H-L-C,20,False,2.499368762588674
