data_label,case,symbol,timestamp,open,high,low,close
SYNTHETIC / NOT MARKET DATA,both_hit,SYNTHETIC,2024-01-02T10:00:00+05:30,100,101.5,98.5,100
SYNTHETIC / NOT MARKET DATA,both_hit,SYNTHETIC,2024-01-02T10:01:00+05:30,100.2,100.4,99.8,100.2
SYNTHETIC / NOT MARKET DATA,both_hit,SYNTHETIC,2024-01-02T10:02:00+05:30,100.2,100.4,99.8,100.2
SYNTHETIC / NOT MARKET DATA,both_hit,SYNTHETIC,2024-01-02T10:03:00+05:30,100.2,100.4,99.8,100.2
SYNTHETIC / NOT MARKET DATA,both_hit,SYNTHETIC,2024-01-02T10:04:00+05:30,100.2,100.4,99.8,100.2
SYNTHETIC / NOT MARKET DATA,both_hit,SYNTHETIC,2024-01-02T10:05:00+05:30,100.2,100.4,99.8,100.2
SYNTHETIC / NOT MARKET DATA,both_hit,SYNTHETIC,2024-01-02T10:06:00+05:30,100.2,100.4,99.8,100.2
SYNTHETIC / NOT MARKET DATA,both_hit,SYNTHETIC,2024-01-02T10:07:00+05:30,100.2,100.4,99.8,100.2
SYNTHETIC / NOT MARKET DATA,both_hit,SYNTHETIC,2024-01-02T10:08:00+05:30,100.2,100.4,99.8,100.2
SYNTHETIC / NOT MARKET DATA,both_hit,SYNTHETIC,2024-01-02T10:09:00+05:30,100.2,100.4,99.8,100.2
SYNTHETIC / NOT MARKET DATA,both_hit,SYNTHETIC,2024-01-02T10:10:00+05:30,100.2,100.4,99.8,100.2
SYNTHETIC / NOT MARKET DATA,both_hit,SYNTHETIC,2024-01-02T10:11:00+05:30,100.2,100.4,99.8,100.2
SYNTHETIC / NOT MARKET DATA,both_hit,SYNTHETIC,2024-01-02T10:12:00+05:30,100.2,100.4,99.8,100.2
SYNTHETIC / NOT MARKET DATA,both_hit,SYNTHETIC,2024-01-02T10:13:00+05:30,100.2,100.4,99.8,100.2
SYNTHETIC / NOT MARKET DATA,both_hit,SYNTHETIC,2024-01-02T10:14:00+05:30,100.2,100.4,99.8,100.2
SYNTHETIC / NOT MARKET DATA,both_hit,SYNTHETIC,2024-01-02T10:15:00+05:30,100.5,100.8,100.2,100.5
SYNTHETIC / NOT MARKET DATA,both_hit,SYNTHETIC,2024-01-02T10:16:00+05:30,100.8,101,100.5,100.8
SYNTHETIC / NOT MARKET DATA,common_cost_25bp,SYNTHETIC,2024-01-02T10:00:00+05:30,100,101.5,98.5,100
SYNTHETIC / NOT MARKET DATA,common_cost_25bp,SYNTHETIC,2024-01-02T10:01:00+05:30,100.2,100.4,99.8,100.2
SYNTHETIC / NOT MARKET DATA,common_cost_25bp,SYNTHETIC,2024-01-02T10:02:00+05:30,100.2,100.4,99.8,100.2
SYNTHETIC / NOT MARKET DATA,common_cost_25bp,SYNTHETIC,2024-01-02T10:03:00+05:30,100.2,100.4,99.8,100.2
SYNTHETIC / NOT MARKET DATA,common_cost_25bp,SYNTHETIC,2024-01-02T10:04:00+05:30,100.2,100.4,99.8,100.2
SYNTHETIC / NOT MARKET DATA,common_cost_25bp,SYNTHETIC,2024-01-02T10:05:00+05:30,100.2,100.4,99.8,100.2
SYNTHETIC / NOT MARKET DATA,common_cost_25bp,SYNTHETIC,2024-01-02T10:06:00+05:30,100.2,100.4,99.8,100.2
SYNTHETIC / NOT MARKET DATA,common_cost_25bp,SYNTHETIC,2024-01-02T10:07:00+05:30,100.2,100.4,99.8,100.2
SYNTHETIC / NOT MARKET DATA,common_cost_25bp,SYNTHETIC,2024-01-02T10:08:00+05:30,100.2,100.4,99.8,100.2
SYNTHETIC / NOT MARKET DATA,common_cost_25bp,SYNTHETIC,2024-01-02T10:09:00+05:30,100.2,100.4,99.8,100.2
SYNTHETIC / NOT MARKET DATA,common_cost_25bp,SYNTHETIC,2024-01-02T10:10:00+05:30,100.2,100.4,99.8,100.2
SYNTHETIC / NOT MARKET DATA,common_cost_25bp,SYNTHETIC,2024-01-02T10:11:00+05:30,100.2,100.4,99.8,100.2
SYNTHETIC / NOT MARKET DATA,common_cost_25bp,SYNTHETIC,2024-01-02T10:12:00+05:30,100.2,100.4,99.8,100.2
SYNTHETIC / NOT MARKET DATA,common_cost_25bp,SYNTHETIC,2024-01-02T10:13:00+05:30,100.2,100.4,99.8,100.2
SYNTHETIC / NOT MARKET DATA,common_cost_25bp,SYNTHETIC,2024-01-02T10:14:00+05:30,100.2,100.4,99.8,100.2
SYNTHETIC / NOT MARKET DATA,common_cost_25bp,SYNTHETIC,2024-01-02T10:15:00+05:30,100.5,100.8,100.2,100.5
SYNTHETIC / NOT MARKET DATA,common_cost_25bp,SYNTHETIC,2024-01-02T10:16:00+05:30,100.8,101,100.5,100.8
SYNTHETIC / NOT MARKET DATA,stop_slippage_10bp,SYNTHETIC,2024-01-02T10:00:00+05:30,100,101.5,98.5,100
SYNTHETIC / NOT MARKET DATA,stop_slippage_10bp,SYNTHETIC,2024-01-02T10:01:00+05:30,100.2,100.4,99.8,100.2
SYNTHETIC / NOT MARKET DATA,stop_slippage_10bp,SYNTHETIC,2024-01-02T10:02:00+05:30,100.2,100.4,99.8,100.2
SYNTHETIC / NOT MARKET DATA,stop_slippage_10bp,SYNTHETIC,2024-01-02T10:03:00+05:30,100.2,100.4,99.8,100.2
SYNTHETIC / NOT MARKET DATA,stop_slippage_10bp,SYNTHETIC,2024-01-02T10:04:00+05:30,100.2,100.4,99.8,100.2
SYNTHETIC / NOT MARKET DATA,stop_slippage_10bp,SYNTHETIC,2024-01-02T10:05:00+05:30,100.2,100.4,99.8,100.2
SYNTHETIC / NOT MARKET DATA,stop_slippage_10bp,SYNTHETIC,2024-01-02T10:06:00+05:30,100.2,100.4,99.8,100.2
SYNTHETIC / NOT MARKET DATA,stop_slippage_10bp,SYNTHETIC,2024-01-02T10:07:00+05:30,100.2,100.4,99.8,100.2
SYNTHETIC / NOT MARKET DATA,stop_slippage_10bp,SYNTHETIC,2024-01-02T10:08:00+05:30,100.2,100.4,99.8,100.2
SYNTHETIC / NOT MARKET DATA,stop_slippage_10bp,SYNTHETIC,2024-01-02T10:09:00+05:30,100.2,100.4,99.8,100.2
SYNTHETIC / NOT MARKET DATA,stop_slippage_10bp,SYNTHETIC,2024-01-02T10:10:00+05:30,100.2,100.4,99.8,100.2
SYNTHETIC / NOT MARKET DATA,stop_slippage_10bp,SYNTHETIC,2024-01-02T10:11:00+05:30,100.2,100.4,99.8,100.2
SYNTHETIC / NOT MARKET DATA,stop_slippage_10bp,SYNTHETIC,2024-01-02T10:12:00+05:30,100.2,100.4,99.8,100.2
SYNTHETIC / NOT MARKET DATA,stop_slippage_10bp,SYNTHETIC,2024-01-02T10:13:00+05:30,100.2,100.4,99.8,100.2
SYNTHETIC / NOT MARKET DATA,stop_slippage_10bp,SYNTHETIC,2024-01-02T10:14:00+05:30,100.2,100.4,99.8,100.2
SYNTHETIC / NOT MARKET DATA,stop_slippage_10bp,SYNTHETIC,2024-01-02T10:15:00+05:30,100.5,100.8,100.2,100.5
SYNTHETIC / NOT MARKET DATA,stop_slippage_10bp,SYNTHETIC,2024-01-02T10:16:00+05:30,100.8,101,100.5,100.8
SYNTHETIC / NOT MARKET DATA,opening_stop_gap,SYNTHETIC,2024-01-02T10:00:00+05:30,100,100.4,99.6,100
SYNTHETIC / NOT MARKET DATA,opening_stop_gap,SYNTHETIC,2024-01-02T10:01:00+05:30,98,99.5,97.5,98.5
SYNTHETIC / NOT MARKET DATA,opening_stop_gap,SYNTHETIC,2024-01-02T10:02:00+05:30,100.2,100.4,99.8,100.2
SYNTHETIC / NOT MARKET DATA,opening_stop_gap,SYNTHETIC,2024-01-02T10:03:00+05:30,100.2,100.4,99.8,100.2
SYNTHETIC / NOT MARKET DATA,opening_stop_gap,SYNTHETIC,2024-01-02T10:04:00+05:30,100.2,100.4,99.8,100.2
SYNTHETIC / NOT MARKET DATA,opening_stop_gap,SYNTHETIC,2024-01-02T10:05:00+05:30,100.2,100.4,99.8,100.2
SYNTHETIC / NOT MARKET DATA,opening_stop_gap,SYNTHETIC,2024-01-02T10:06:00+05:30,100.2,100.4,99.8,100.2
SYNTHETIC / NOT MARKET DATA,opening_stop_gap,SYNTHETIC,2024-01-02T10:07:00+05:30,100.2,100.4,99.8,100.2
SYNTHETIC / NOT MARKET DATA,opening_stop_gap,SYNTHETIC,2024-01-02T10:08:00+05:30,100.2,100.4,99.8,100.2
SYNTHETIC / NOT MARKET DATA,opening_stop_gap,SYNTHETIC,2024-01-02T10:09:00+05:30,100.2,100.4,99.8,100.2
SYNTHETIC / NOT MARKET DATA,opening_stop_gap,SYNTHETIC,2024-01-02T10:10:00+05:30,100.2,100.4,99.8,100.2
SYNTHETIC / NOT MARKET DATA,opening_stop_gap,SYNTHETIC,2024-01-02T10:11:00+05:30,100.2,100.4,99.8,100.2
SYNTHETIC / NOT MARKET DATA,opening_stop_gap,SYNTHETIC,2024-01-02T10:12:00+05:30,100.2,100.4,99.8,100.2
SYNTHETIC / NOT MARKET DATA,opening_stop_gap,SYNTHETIC,2024-01-02T10:13:00+05:30,100.2,100.4,99.8,100.2
SYNTHETIC / NOT MARKET DATA,opening_stop_gap,SYNTHETIC,2024-01-02T10:14:00+05:30,100.2,100.4,99.8,100.2
SYNTHETIC / NOT MARKET DATA,opening_stop_gap,SYNTHETIC,2024-01-02T10:15:00+05:30,100.5,100.8,100.2,100.5
SYNTHETIC / NOT MARKET DATA,opening_stop_gap,SYNTHETIC,2024-01-02T10:16:00+05:30,100.8,101,100.5,100.8
SYNTHETIC / NOT MARKET DATA,opening_target_gap,SYNTHETIC,2024-01-02T10:00:00+05:30,100,100.4,99.6,100
SYNTHETIC / NOT MARKET DATA,opening_target_gap,SYNTHETIC,2024-01-02T10:01:00+05:30,102,103,98,101
SYNTHETIC / NOT MARKET DATA,opening_target_gap,SYNTHETIC,2024-01-02T10:02:00+05:30,100.2,100.4,99.8,100.2
SYNTHETIC / NOT MARKET DATA,opening_target_gap,SYNTHETIC,2024-01-02T10:03:00+05:30,100.2,100.4,99.8,100.2
SYNTHETIC / NOT MARKET DATA,opening_target_gap,SYNTHETIC,2024-01-02T10:04:00+05:30,100.2,100.4,99.8,100.2
SYNTHETIC / NOT MARKET DATA,opening_target_gap,SYNTHETIC,2024-01-02T10:05:00+05:30,100.2,100.4,99.8,100.2
SYNTHETIC / NOT MARKET DATA,opening_target_gap,SYNTHETIC,2024-01-02T10:06:00+05:30,100.2,100.4,99.8,100.2
SYNTHETIC / NOT MARKET DATA,opening_target_gap,SYNTHETIC,2024-01-02T10:07:00+05:30,100.2,100.4,99.8,100.2
SYNTHETIC / NOT MARKET DATA,opening_target_gap,SYNTHETIC,2024-01-02T10:08:00+05:30,100.2,100.4,99.8,100.2
SYNTHETIC / NOT MARKET DATA,opening_target_gap,SYNTHETIC,2024-01-02T10:09:00+05:30,100.2,100.4,99.8,100.2
SYNTHETIC / NOT MARKET DATA,opening_target_gap,SYNTHETIC,2024-01-02T10:10:00+05:30,100.2,100.4,99.8,100.2
SYNTHETIC / NOT MARKET DATA,opening_target_gap,SYNTHETIC,2024-01-02T10:11:00+05:30,100.2,100.4,99.8,100.2
SYNTHETIC / NOT MARKET DATA,opening_target_gap,SYNTHETIC,2024-01-02T10:12:00+05:30,100.2,100.4,99.8,100.2
SYNTHETIC / NOT MARKET DATA,opening_target_gap,SYNTHETIC,2024-01-02T10:13:00+05:30,100.2,100.4,99.8,100.2
SYNTHETIC / NOT MARKET DATA,opening_target_gap,SYNTHETIC,2024-01-02T10:14:00+05:30,100.2,100.4,99.8,100.2
SYNTHETIC / NOT MARKET DATA,opening_target_gap,SYNTHETIC,2024-01-02T10:15:00+05:30,100.5,100.8,100.2,100.5
SYNTHETIC / NOT MARKET DATA,opening_target_gap,SYNTHETIC,2024-01-02T10:16:00+05:30,100.8,101,100.5,100.8
SYNTHETIC / NOT MARKET DATA,expiry_precedence,SYNTHETIC,2024-01-02T10:00:00+05:30,100,100.4,99.6,100
SYNTHETIC / NOT MARKET DATA,expiry_precedence,SYNTHETIC,2024-01-02T10:01:00+05:30,100.2,100.4,99.8,100.2
SYNTHETIC / NOT MARKET DATA,expiry_precedence,SYNTHETIC,2024-01-02T10:02:00+05:30,100.2,100.4,99.8,100.2
SYNTHETIC / NOT MARKET DATA,expiry_precedence,SYNTHETIC,2024-01-02T10:03:00+05:30,100.2,100.4,99.8,100.2
SYNTHETIC / NOT MARKET DATA,expiry_precedence,SYNTHETIC,2024-01-02T10:04:00+05:30,100.2,100.4,99.8,100.2
SYNTHETIC / NOT MARKET DATA,expiry_precedence,SYNTHETIC,2024-01-02T10:05:00+05:30,100.2,100.4,99.8,100.2
SYNTHETIC / NOT MARKET DATA,expiry_precedence,SYNTHETIC,2024-01-02T10:06:00+05:30,100.2,100.4,99.8,100.2
SYNTHETIC / NOT MARKET DATA,expiry_precedence,SYNTHETIC,2024-01-02T10:07:00+05:30,100.2,100.4,99.8,100.2
SYNTHETIC / NOT MARKET DATA,expiry_precedence,SYNTHETIC,2024-01-02T10:08:00+05:30,100.2,100.4,99.8,100.2
SYNTHETIC / NOT MARKET DATA,expiry_precedence,SYNTHETIC,2024-01-02T10:09:00+05:30,100.2,100.4,99.8,100.2
SYNTHETIC / NOT MARKET DATA,expiry_precedence,SYNTHETIC,2024-01-02T10:10:00+05:30,100.2,100.4,99.8,100.2
SYNTHETIC / NOT MARKET DATA,expiry_precedence,SYNTHETIC,2024-01-02T10:11:00+05:30,100.2,100.4,99.8,100.2
SYNTHETIC / NOT MARKET DATA,expiry_precedence,SYNTHETIC,2024-01-02T10:12:00+05:30,100.2,100.4,99.8,100.2
SYNTHETIC / NOT MARKET DATA,expiry_precedence,SYNTHETIC,2024-01-02T10:13:00+05:30,100.2,100.4,99.8,100.2
SYNTHETIC / NOT MARKET DATA,expiry_precedence,SYNTHETIC,2024-01-02T10:14:00+05:30,100.2,100.4,99.8,100.2
SYNTHETIC / NOT MARKET DATA,expiry_precedence,SYNTHETIC,2024-01-02T10:15:00+05:30,98,105,97,104
SYNTHETIC / NOT MARKET DATA,expiry_precedence,SYNTHETIC,2024-01-02T10:16:00+05:30,100.8,101,100.5,100.8
SYNTHETIC / NOT MARKET DATA,missing_active_minute,SYNTHETIC,2024-01-02T10:00:00+05:30,100,100.4,99.6,100
SYNTHETIC / NOT MARKET DATA,missing_active_minute,SYNTHETIC,2024-01-02T10:02:00+05:30,100.2,100.4,99.8,100.2
SYNTHETIC / NOT MARKET DATA,missing_active_minute,SYNTHETIC,2024-01-02T10:03:00+05:30,100.2,100.4,99.8,100.2
SYNTHETIC / NOT MARKET DATA,missing_active_minute,SYNTHETIC,2024-01-02T10:04:00+05:30,100.2,100.4,99.8,100.2
SYNTHETIC / NOT MARKET DATA,missing_active_minute,SYNTHETIC,2024-01-02T10:05:00+05:30,100.2,100.4,99.8,100.2
SYNTHETIC / NOT MARKET DATA,missing_active_minute,SYNTHETIC,2024-01-02T10:06:00+05:30,100.2,100.4,99.8,100.2
SYNTHETIC / NOT MARKET DATA,missing_active_minute,SYNTHETIC,2024-01-02T10:07:00+05:30,100.2,100.4,99.8,100.2
SYNTHETIC / NOT MARKET DATA,missing_active_minute,SYNTHETIC,2024-01-02T10:08:00+05:30,100.2,100.4,99.8,100.2
SYNTHETIC / NOT MARKET DATA,missing_active_minute,SYNTHETIC,2024-01-02T10:09:00+05:30,100.2,100.4,99.8,100.2
SYNTHETIC / NOT MARKET DATA,missing_active_minute,SYNTHETIC,2024-01-02T10:10:00+05:30,100.2,100.4,99.8,100.2
SYNTHETIC / NOT MARKET DATA,missing_active_minute,SYNTHETIC,2024-01-02T10:11:00+05:30,100.2,100.4,99.8,100.2
SYNTHETIC / NOT MARKET DATA,missing_active_minute,SYNTHETIC,2024-01-02T10:12:00+05:30,100.2,100.4,99.8,100.2
SYNTHETIC / NOT MARKET DATA,missing_active_minute,SYNTHETIC,2024-01-02T10:13:00+05:30,100.2,100.4,99.8,100.2
SYNTHETIC / NOT MARKET DATA,missing_active_minute,SYNTHETIC,2024-01-02T10:14:00+05:30,100.2,100.4,99.8,100.2
SYNTHETIC / NOT MARKET DATA,missing_active_minute,SYNTHETIC,2024-01-02T10:15:00+05:30,100.5,100.8,100.2,100.5
SYNTHETIC / NOT MARKET DATA,missing_active_minute,SYNTHETIC,2024-01-02T10:16:00+05:30,100.8,101,100.5,100.8
SYNTHETIC / NOT MARKET DATA,missing_after_early_exit,SYNTHETIC,2024-01-02T10:00:00+05:30,100,101.5,98.5,100
SYNTHETIC / NOT MARKET DATA,missing_after_early_exit,SYNTHETIC,2024-01-02T10:02:00+05:30,100.2,100.4,99.8,100.2
SYNTHETIC / NOT MARKET DATA,missing_after_early_exit,SYNTHETIC,2024-01-02T10:03:00+05:30,100.2,100.4,99.8,100.2
SYNTHETIC / NOT MARKET DATA,missing_after_early_exit,SYNTHETIC,2024-01-02T10:04:00+05:30,100.2,100.4,99.8,100.2
SYNTHETIC / NOT MARKET DATA,missing_after_early_exit,SYNTHETIC,2024-01-02T10:05:00+05:30,100.2,100.4,99.8,100.2
SYNTHETIC / NOT MARKET DATA,missing_after_early_exit,SYNTHETIC,2024-01-02T10:06:00+05:30,100.2,100.4,99.8,100.2
SYNTHETIC / NOT MARKET DATA,missing_after_early_exit,SYNTHETIC,2024-01-02T10:07:00+05:30,100.2,100.4,99.8,100.2
SYNTHETIC / NOT MARKET DATA,missing_after_early_exit,SYNTHETIC,2024-01-02T10:08:00+05:30,100.2,100.4,99.8,100.2
SYNTHETIC / NOT MARKET DATA,missing_after_early_exit,SYNTHETIC,2024-01-02T10:09:00+05:30,100.2,100.4,99.8,100.2
SYNTHETIC / NOT MARKET DATA,missing_after_early_exit,SYNTHETIC,2024-01-02T10:10:00+05:30,100.2,100.4,99.8,100.2
SYNTHETIC / NOT MARKET DATA,missing_after_early_exit,SYNTHETIC,2024-01-02T10:11:00+05:30,100.2,100.4,99.8,100.2
SYNTHETIC / NOT MARKET DATA,missing_after_early_exit,SYNTHETIC,2024-01-02T10:12:00+05:30,100.2,100.4,99.8,100.2
SYNTHETIC / NOT MARKET DATA,missing_after_early_exit,SYNTHETIC,2024-01-02T10:13:00+05:30,100.2,100.4,99.8,100.2
SYNTHETIC / NOT MARKET DATA,missing_after_early_exit,SYNTHETIC,2024-01-02T10:14:00+05:30,100.2,100.4,99.8,100.2
SYNTHETIC / NOT MARKET DATA,missing_after_early_exit,SYNTHETIC,2024-01-02T10:15:00+05:30,100.5,100.8,100.2,100.5
SYNTHETIC / NOT MARKET DATA,missing_after_early_exit,SYNTHETIC,2024-01-02T10:16:00+05:30,100.8,101,100.5,100.8
SYNTHETIC / NOT MARKET DATA,missing_entry,SYNTHETIC,2024-01-02T10:01:00+05:30,100.2,100.4,99.8,100.2
SYNTHETIC / NOT MARKET DATA,missing_entry,SYNTHETIC,2024-01-02T10:02:00+05:30,100.2,100.4,99.8,100.2
SYNTHETIC / NOT MARKET DATA,missing_entry,SYNTHETIC,2024-01-02T10:03:00+05:30,100.2,100.4,99.8,100.2
SYNTHETIC / NOT MARKET DATA,missing_entry,SYNTHETIC,2024-01-02T10:04:00+05:30,100.2,100.4,99.8,100.2
SYNTHETIC / NOT MARKET DATA,missing_entry,SYNTHETIC,2024-01-02T10:05:00+05:30,100.2,100.4,99.8,100.2
SYNTHETIC / NOT MARKET DATA,missing_entry,SYNTHETIC,2024-01-02T10:06:00+05:30,100.2,100.4,99.8,100.2
SYNTHETIC / NOT MARKET DATA,missing_entry,SYNTHETIC,2024-01-02T10:07:00+05:30,100.2,100.4,99.8,100.2
SYNTHETIC / NOT MARKET DATA,missing_entry,SYNTHETIC,2024-01-02T10:08:00+05:30,100.2,100.4,99.8,100.2
SYNTHETIC / NOT MARKET DATA,missing_entry,SYNTHETIC,2024-01-02T10:09:00+05:30,100.2,100.4,99.8,100.2
SYNTHETIC / NOT MARKET DATA,missing_entry,SYNTHETIC,2024-01-02T10:10:00+05:30,100.2,100.4,99.8,100.2
SYNTHETIC / NOT MARKET DATA,missing_entry,SYNTHETIC,2024-01-02T10:11:00+05:30,100.2,100.4,99.8,100.2
SYNTHETIC / NOT MARKET DATA,missing_entry,SYNTHETIC,2024-01-02T10:12:00+05:30,100.2,100.4,99.8,100.2
SYNTHETIC / NOT MARKET DATA,missing_entry,SYNTHETIC,2024-01-02T10:13:00+05:30,100.2,100.4,99.8,100.2
SYNTHETIC / NOT MARKET DATA,missing_entry,SYNTHETIC,2024-01-02T10:14:00+05:30,100.2,100.4,99.8,100.2
SYNTHETIC / NOT MARKET DATA,missing_entry,SYNTHETIC,2024-01-02T10:15:00+05:30,100.5,100.8,100.2,100.5
SYNTHETIC / NOT MARKET DATA,missing_entry,SYNTHETIC,2024-01-02T10:16:00+05:30,100.8,101,100.5,100.8
SYNTHETIC / NOT MARKET DATA,delay_two_minutes,SYNTHETIC,2024-01-02T10:00:00+05:30,100,101.5,98.5,100
SYNTHETIC / NOT MARKET DATA,delay_two_minutes,SYNTHETIC,2024-01-02T10:01:00+05:30,100.2,100.4,99.8,100.2
SYNTHETIC / NOT MARKET DATA,delay_two_minutes,SYNTHETIC,2024-01-02T10:02:00+05:30,100.2,100.4,99.8,100.2
SYNTHETIC / NOT MARKET DATA,delay_two_minutes,SYNTHETIC,2024-01-02T10:03:00+05:30,100.2,100.4,99.8,100.2
SYNTHETIC / NOT MARKET DATA,delay_two_minutes,SYNTHETIC,2024-01-02T10:04:00+05:30,100.2,100.4,99.8,100.2
SYNTHETIC / NOT MARKET DATA,delay_two_minutes,SYNTHETIC,2024-01-02T10:05:00+05:30,100.2,100.4,99.8,100.2
SYNTHETIC / NOT MARKET DATA,delay_two_minutes,SYNTHETIC,2024-01-02T10:06:00+05:30,100.2,100.4,99.8,100.2
SYNTHETIC / NOT MARKET DATA,delay_two_minutes,SYNTHETIC,2024-01-02T10:07:00+05:30,100.2,100.4,99.8,100.2
SYNTHETIC / NOT MARKET DATA,delay_two_minutes,SYNTHETIC,2024-01-02T10:08:00+05:30,100.2,100.4,99.8,100.2
SYNTHETIC / NOT MARKET DATA,delay_two_minutes,SYNTHETIC,2024-01-02T10:09:00+05:30,100.2,100.4,99.8,100.2
SYNTHETIC / NOT MARKET DATA,delay_two_minutes,SYNTHETIC,2024-01-02T10:10:00+05:30,100.2,100.4,99.8,100.2
SYNTHETIC / NOT MARKET DATA,delay_two_minutes,SYNTHETIC,2024-01-02T10:11:00+05:30,100.2,100.4,99.8,100.2
SYNTHETIC / NOT MARKET DATA,delay_two_minutes,SYNTHETIC,2024-01-02T10:12:00+05:30,100.2,100.4,99.8,100.2
SYNTHETIC / NOT MARKET DATA,delay_two_minutes,SYNTHETIC,2024-01-02T10:13:00+05:30,100.2,100.4,99.8,100.2
SYNTHETIC / NOT MARKET DATA,delay_two_minutes,SYNTHETIC,2024-01-02T10:14:00+05:30,100.2,100.4,99.8,100.2
SYNTHETIC / NOT MARKET DATA,delay_two_minutes,SYNTHETIC,2024-01-02T10:15:00+05:30,100.5,100.8,100.2,100.5
SYNTHETIC / NOT MARKET DATA,delay_two_minutes,SYNTHETIC,2024-01-02T10:16:00+05:30,100.8,101,100.5,100.8
