data_label,case,episode_id,symbol,policy,path,status,signal_at,entry_at,expiry_at,entry_notional,entry_price,stop_price,target_price,declared_round_trip_cost_bp,declared_extra_stop_slippage_bp,exit_at,exit_reason,exit_phase,exit_price_before_slippage,exit_price,gross_return_bp,entry_cost_bp,exit_cost_bp,stop_slippage_bp,net_return_bp,net_pnl,exit_order_ambiguous,unresolved_at,issue
SYNTHETIC / NOT MARKET DATA,both_hit,both_hit,SYNTHETIC,time_only,O-L-H-C,RESOLVED,2024-01-02T09:59:00+05:30,2024-01-02T10:00:00+05:30,2024-01-02T10:15:00+05:30,10000.0,100,99.0,101.0,15.0,0.0,2024-01-02T10:15:00+05:30,TIME,open,100.5,100.5,49.999999999998934,7.5,7.5,0.0,34.999999999998934,34.999999999998934,False,,
SYNTHETIC / NOT MARKET DATA,both_hit,both_hit,SYNTHETIC,stop_only,O-L-H-C,RESOLVED,2024-01-02T09:59:00+05:30,2024-01-02T10:00:00+05:30,2024-01-02T10:15:00+05:30,10000.0,100,99.0,101.0,15.0,0.0,2024-01-02T10:00:00+05:30,STOP,within_bar,99.0,99.0,-100.00000000000009,7.5,7.5,0.0,-115.00000000000009,-115.0000000000001,False,,
SYNTHETIC / NOT MARKET DATA,both_hit,both_hit,SYNTHETIC,stop_and_target,O-L-H-C,RESOLVED,2024-01-02T09:59:00+05:30,2024-01-02T10:00:00+05:30,2024-01-02T10:15:00+05:30,10000.0,100,99.0,101.0,15.0,0.0,2024-01-02T10:00:00+05:30,STOP,within_bar,99.0,99.0,-100.00000000000009,7.5,7.5,0.0,-115.00000000000009,-115.0000000000001,True,,
SYNTHETIC / NOT MARKET DATA,both_hit,both_hit,SYNTHETIC,time_only,O-H-L-C,RESOLVED,2024-01-02T09:59:00+05:30,2024-01-02T10:00:00+05:30,2024-01-02T10:15:00+05:30,10000.0,100,99.0,101.0,15.0,0.0,2024-01-02T10:15:00+05:30,TIME,open,100.5,100.5,49.999999999998934,7.5,7.5,0.0,34.999999999998934,34.999999999998934,False,,
SYNTHETIC / NOT MARKET DATA,both_hit,both_hit,SYNTHETIC,stop_only,O-H-L-C,RESOLVED,2024-01-02T09:59:00+05:30,2024-01-02T10:00:00+05:30,2024-01-02T10:15:00+05:30,10000.0,100,99.0,101.0,15.0,0.0,2024-01-02T10:00:00+05:30,STOP,within_bar,99.0,99.0,-100.00000000000009,7.5,7.5,0.0,-115.00000000000009,-115.0000000000001,False,,
SYNTHETIC / NOT MARKET DATA,both_hit,both_hit,SYNTHETIC,stop_and_target,O-H-L-C,RESOLVED,2024-01-02T09:59:00+05:30,2024-01-02T10:00:00+05:30,2024-01-02T10:15:00+05:30,10000.0,100,99.0,101.0,15.0,0.0,2024-01-02T10:00:00+05:30,TARGET,within_bar,101.0,101.0,100.00000000000009,7.5,7.5,0.0,85.00000000000009,85.00000000000009,True,,
SYNTHETIC / NOT MARKET DATA,common_cost_25bp,common_cost_25bp,SYNTHETIC,time_only,O-L-H-C,RESOLVED,2024-01-02T09:59:00+05:30,2024-01-02T10:00:00+05:30,2024-01-02T10:15:00+05:30,10000.0,100,99.0,101.0,25,0,2024-01-02T10:15:00+05:30,TIME,open,100.5,100.5,49.999999999998934,12.5,12.5,0.0,24.999999999998934,24.999999999998934,False,,
SYNTHETIC / NOT MARKET DATA,common_cost_25bp,common_cost_25bp,SYNTHETIC,stop_only,O-L-H-C,RESOLVED,2024-01-02T09:59:00+05:30,2024-01-02T10:00:00+05:30,2024-01-02T10:15:00+05:30,10000.0,100,99.0,101.0,25,0,2024-01-02T10:00:00+05:30,STOP,within_bar,99.0,99.0,-100.00000000000009,12.5,12.5,0,-125.00000000000009,-125.0000000000001,False,,
SYNTHETIC / NOT MARKET DATA,common_cost_25bp,common_cost_25bp,SYNTHETIC,stop_and_target,O-L-H-C,RESOLVED,2024-01-02T09:59:00+05:30,2024-01-02T10:00:00+05:30,2024-01-02T10:15:00+05:30,10000.0,100,99.0,101.0,25,0,2024-01-02T10:00:00+05:30,STOP,within_bar,99.0,99.0,-100.00000000000009,12.5,12.5,0,-125.00000000000009,-125.0000000000001,True,,
SYNTHETIC / NOT MARKET DATA,common_cost_25bp,common_cost_25bp,SYNTHETIC,time_only,O-H-L-C,RESOLVED,2024-01-02T09:59:00+05:30,2024-01-02T10:00:00+05:30,2024-01-02T10:15:00+05:30,10000.0,100,99.0,101.0,25,0,2024-01-02T10:15:00+05:30,TIME,open,100.5,100.5,49.999999999998934,12.5,12.5,0.0,24.999999999998934,24.999999999998934,False,,
SYNTHETIC / NOT MARKET DATA,common_cost_25bp,common_cost_25bp,SYNTHETIC,stop_only,O-H-L-C,RESOLVED,2024-01-02T09:59:00+05:30,2024-01-02T10:00:00+05:30,2024-01-02T10:15:00+05:30,10000.0,100,99.0,101.0,25,0,2024-01-02T10:00:00+05:30,STOP,within_bar,99.0,99.0,-100.00000000000009,12.5,12.5,0,-125.00000000000009,-125.0000000000001,False,,
SYNTHETIC / NOT MARKET DATA,common_cost_25bp,common_cost_25bp,SYNTHETIC,stop_and_target,O-H-L-C,RESOLVED,2024-01-02T09:59:00+05:30,2024-01-02T10:00:00+05:30,2024-01-02T10:15:00+05:30,10000.0,100,99.0,101.0,25,0,2024-01-02T10:00:00+05:30,TARGET,within_bar,101.0,101.0,100.00000000000009,12.5,12.5,0.0,75.00000000000009,75.00000000000009,True,,
SYNTHETIC / NOT MARKET DATA,stop_slippage_10bp,stop_slippage_10bp,SYNTHETIC,time_only,O-L-H-C,RESOLVED,2024-01-02T09:59:00+05:30,2024-01-02T10:00:00+05:30,2024-01-02T10:15:00+05:30,10000.0,100,99.0,101.0,15,10,2024-01-02T10:15:00+05:30,TIME,open,100.5,100.5,49.999999999998934,7.5,7.5,0.0,34.999999999998934,34.999999999998934,False,,
SYNTHETIC / NOT MARKET DATA,stop_slippage_10bp,stop_slippage_10bp,SYNTHETIC,stop_only,O-L-H-C,RESOLVED,2024-01-02T09:59:00+05:30,2024-01-02T10:00:00+05:30,2024-01-02T10:15:00+05:30,10000.0,100,99.0,101.0,15,10,2024-01-02T10:00:00+05:30,STOP,within_bar,99.0,98.9,-100.00000000000009,7.5,7.5,10,-125.00000000000009,-125.0000000000001,False,,
SYNTHETIC / NOT MARKET DATA,stop_slippage_10bp,stop_slippage_10bp,SYNTHETIC,stop_and_target,O-L-H-C,RESOLVED,2024-01-02T09:59:00+05:30,2024-01-02T10:00:00+05:30,2024-01-02T10:15:00+05:30,10000.0,100,99.0,101.0,15,10,2024-01-02T10:00:00+05:30,STOP,within_bar,99.0,98.9,-100.00000000000009,7.5,7.5,10,-125.00000000000009,-125.0000000000001,True,,
SYNTHETIC / NOT MARKET DATA,stop_slippage_10bp,stop_slippage_10bp,SYNTHETIC,time_only,O-H-L-C,RESOLVED,2024-01-02T09:59:00+05:30,2024-01-02T10:00:00+05:30,2024-01-02T10:15:00+05:30,10000.0,100,99.0,101.0,15,10,2024-01-02T10:15:00+05:30,TIME,open,100.5,100.5,49.999999999998934,7.5,7.5,0.0,34.999999999998934,34.999999999998934,False,,
SYNTHETIC / NOT MARKET DATA,stop_slippage_10bp,stop_slippage_10bp,SYNTHETIC,stop_only,O-H-L-C,RESOLVED,2024-01-02T09:59:00+05:30,2024-01-02T10:00:00+05:30,2024-01-02T10:15:00+05:30,10000.0,100,99.0,101.0,15,10,2024-01-02T10:00:00+05:30,STOP,within_bar,99.0,98.9,-100.00000000000009,7.5,7.5,10,-125.00000000000009,-125.0000000000001,False,,
SYNTHETIC / NOT MARKET DATA,stop_slippage_10bp,stop_slippage_10bp,SYNTHETIC,stop_and_target,O-H-L-C,RESOLVED,2024-01-02T09:59:00+05:30,2024-01-02T10:00:00+05:30,2024-01-02T10:15:00+05:30,10000.0,100,99.0,101.0,15,10,2024-01-02T10:00:00+05:30,TARGET,within_bar,101.0,101.0,100.00000000000009,7.5,7.5,0.0,85.00000000000009,85.00000000000009,True,,
SYNTHETIC / NOT MARKET DATA,opening_stop_gap,opening_stop_gap,SYNTHETIC,time_only,O-L-H-C,RESOLVED,2024-01-02T09:59:00+05:30,2024-01-02T10:00:00+05:30,2024-01-02T10:15:00+05:30,10000.0,100,99.0,101.0,15.0,0.0,2024-01-02T10:15:00+05:30,TIME,open,100.5,100.5,49.999999999998934,7.5,7.5,0.0,34.999999999998934,34.999999999998934,False,,
SYNTHETIC / NOT MARKET DATA,opening_stop_gap,opening_stop_gap,SYNTHETIC,stop_only,O-L-H-C,RESOLVED,2024-01-02T09:59:00+05:30,2024-01-02T10:00:00+05:30,2024-01-02T10:15:00+05:30,10000.0,100,99.0,101.0,15.0,0.0,2024-01-02T10:01:00+05:30,STOP,open,98,98.0,-200.00000000000017,7.5,7.5,0.0,-215.00000000000017,-215.0000000000002,False,,
SYNTHETIC / NOT MARKET DATA,opening_stop_gap,opening_stop_gap,SYNTHETIC,stop_and_target,O-L-H-C,RESOLVED,2024-01-02T09:59:00+05:30,2024-01-02T10:00:00+05:30,2024-01-02T10:15:00+05:30,10000.0,100,99.0,101.0,15.0,0.0,2024-01-02T10:01:00+05:30,STOP,open,98,98.0,-200.00000000000017,7.5,7.5,0.0,-215.00000000000017,-215.0000000000002,False,,
SYNTHETIC / NOT MARKET DATA,opening_stop_gap,opening_stop_gap,SYNTHETIC,time_only,O-H-L-C,RESOLVED,2024-01-02T09:59:00+05:30,2024-01-02T10:00:00+05:30,2024-01-02T10:15:00+05:30,10000.0,100,99.0,101.0,15.0,0.0,2024-01-02T10:15:00+05:30,TIME,open,100.5,100.5,49.999999999998934,7.5,7.5,0.0,34.999999999998934,34.999999999998934,False,,
SYNTHETIC / NOT MARKET DATA,opening_stop_gap,opening_stop_gap,SYNTHETIC,stop_only,O-H-L-C,RESOLVED,2024-01-02T09:59:00+05:30,2024-01-02T10:00:00+05:30,2024-01-02T10:15:00+05:30,10000.0,100,99.0,101.0,15.0,0.0,2024-01-02T10:01:00+05:30,STOP,open,98,98.0,-200.00000000000017,7.5,7.5,0.0,-215.00000000000017,-215.0000000000002,False,,
SYNTHETIC / NOT MARKET DATA,opening_stop_gap,opening_stop_gap,SYNTHETIC,stop_and_target,O-H-L-C,RESOLVED,2024-01-02T09:59:00+05:30,2024-01-02T10:00:00+05:30,2024-01-02T10:15:00+05:30,10000.0,100,99.0,101.0,15.0,0.0,2024-01-02T10:01:00+05:30,STOP,open,98,98.0,-200.00000000000017,7.5,7.5,0.0,-215.00000000000017,-215.0000000000002,False,,
SYNTHETIC / NOT MARKET DATA,opening_target_gap,opening_target_gap,SYNTHETIC,time_only,O-L-H-C,RESOLVED,2024-01-02T09:59:00+05:30,2024-01-02T10:00:00+05:30,2024-01-02T10:15:00+05:30,10000.0,100,99.0,101.0,15.0,0.0,2024-01-02T10:15:00+05:30,TIME,open,100.5,100.5,49.999999999998934,7.5,7.5,0.0,34.999999999998934,34.999999999998934,False,,
SYNTHETIC / NOT MARKET DATA,opening_target_gap,opening_target_gap,SYNTHETIC,stop_only,O-L-H-C,RESOLVED,2024-01-02T09:59:00+05:30,2024-01-02T10:00:00+05:30,2024-01-02T10:15:00+05:30,10000.0,100,99.0,101.0,15.0,0.0,2024-01-02T10:01:00+05:30,STOP,within_bar,99.0,99.0,-100.00000000000009,7.5,7.5,0.0,-115.00000000000009,-115.0000000000001,False,,
SYNTHETIC / NOT MARKET DATA,opening_target_gap,opening_target_gap,SYNTHETIC,stop_and_target,O-L-H-C,RESOLVED,2024-01-02T09:59:00+05:30,2024-01-02T10:00:00+05:30,2024-01-02T10:15:00+05:30,10000.0,100,99.0,101.0,15.0,0.0,2024-01-02T10:01:00+05:30,TARGET,open,101.0,101.0,100.00000000000009,7.5,7.5,0.0,85.00000000000009,85.00000000000009,False,,
SYNTHETIC / NOT MARKET DATA,opening_target_gap,opening_target_gap,SYNTHETIC,time_only,O-H-L-C,RESOLVED,2024-01-02T09:59:00+05:30,2024-01-02T10:00:00+05:30,2024-01-02T10:15:00+05:30,10000.0,100,99.0,101.0,15.0,0.0,2024-01-02T10:15:00+05:30,TIME,open,100.5,100.5,49.999999999998934,7.5,7.5,0.0,34.999999999998934,34.999999999998934,False,,
SYNTHETIC / NOT MARKET DATA,opening_target_gap,opening_target_gap,SYNTHETIC,stop_only,O-H-L-C,RESOLVED,2024-01-02T09:59:00+05:30,2024-01-02T10:00:00+05:30,2024-01-02T10:15:00+05:30,10000.0,100,99.0,101.0,15.0,0.0,2024-01-02T10:01:00+05:30,STOP,within_bar,99.0,99.0,-100.00000000000009,7.5,7.5,0.0,-115.00000000000009,-115.0000000000001,False,,
SYNTHETIC / NOT MARKET DATA,opening_target_gap,opening_target_gap,SYNTHETIC,stop_and_target,O-H-L-C,RESOLVED,2024-01-02T09:59:00+05:30,2024-01-02T10:00:00+05:30,2024-01-02T10:15:00+05:30,10000.0,100,99.0,101.0,15.0,0.0,2024-01-02T10:01:00+05:30,TARGET,open,101.0,101.0,100.00000000000009,7.5,7.5,0.0,85.00000000000009,85.00000000000009,False,,
SYNTHETIC / NOT MARKET DATA,expiry_precedence,expiry_precedence,SYNTHETIC,time_only,O-L-H-C,RESOLVED,2024-01-02T09:59:00+05:30,2024-01-02T10:00:00+05:30,2024-01-02T10:15:00+05:30,10000.0,100,99.0,101.0,15,10,2024-01-02T10:15:00+05:30,TIME,open,98,98.0,-200.00000000000017,7.5,7.5,0.0,-215.00000000000017,-215.0000000000002,False,,
SYNTHETIC / NOT MARKET DATA,expiry_precedence,expiry_precedence,SYNTHETIC,stop_only,O-L-H-C,RESOLVED,2024-01-02T09:59:00+05:30,2024-01-02T10:00:00+05:30,2024-01-02T10:15:00+05:30,10000.0,100,99.0,101.0,15,10,2024-01-02T10:15:00+05:30,TIME,open,98,98.0,-200.00000000000017,7.5,7.5,0.0,-215.00000000000017,-215.0000000000002,False,,
SYNTHETIC / NOT MARKET DATA,expiry_precedence,expiry_precedence,SYNTHETIC,stop_and_target,O-L-H-C,RESOLVED,2024-01-02T09:59:00+05:30,2024-01-02T10:00:00+05:30,2024-01-02T10:15:00+05:30,10000.0,100,99.0,101.0,15,10,2024-01-02T10:15:00+05:30,TIME,open,98,98.0,-200.00000000000017,7.5,7.5,0.0,-215.00000000000017,-215.0000000000002,False,,
SYNTHETIC / NOT MARKET DATA,expiry_precedence,expiry_precedence,SYNTHETIC,time_only,O-H-L-C,RESOLVED,2024-01-02T09:59:00+05:30,2024-01-02T10:00:00+05:30,2024-01-02T10:15:00+05:30,10000.0,100,99.0,101.0,15,10,2024-01-02T10:15:00+05:30,TIME,open,98,98.0,-200.00000000000017,7.5,7.5,0.0,-215.00000000000017,-215.0000000000002,False,,
SYNTHETIC / NOT MARKET DATA,expiry_precedence,expiry_precedence,SYNTHETIC,stop_only,O-H-L-C,RESOLVED,2024-01-02T09:59:00+05:30,2024-01-02T10:00:00+05:30,2024-01-02T10:15:00+05:30,10000.0,100,99.0,101.0,15,10,2024-01-02T10:15:00+05:30,TIME,open,98,98.0,-200.00000000000017,7.5,7.5,0.0,-215.00000000000017,-215.0000000000002,False,,
SYNTHETIC / NOT MARKET DATA,expiry_precedence,expiry_precedence,SYNTHETIC,stop_and_target,O-H-L-C,RESOLVED,2024-01-02T09:59:00+05:30,2024-01-02T10:00:00+05:30,2024-01-02T10:15:00+05:30,10000.0,100,99.0,101.0,15,10,2024-01-02T10:15:00+05:30,TIME,open,98,98.0,-200.00000000000017,7.5,7.5,0.0,-215.00000000000017,-215.0000000000002,False,,
SYNTHETIC / NOT MARKET DATA,missing_active_minute,missing_active_minute,SYNTHETIC,time_only,O-L-H-C,UNRESOLVED,2024-01-02T09:59:00+05:30,2024-01-02T10:00:00+05:30,2024-01-02T10:15:00+05:30,10000.0,100,99.0,101.0,15.0,0.0,,,,,,,7.5,,,,,False,2024-01-02T10:01:00+05:30,MISSING_REQUIRED_BAR
SYNTHETIC / NOT MARKET DATA,missing_active_minute,missing_active_minute,SYNTHETIC,stop_only,O-L-H-C,UNRESOLVED,2024-01-02T09:59:00+05:30,2024-01-02T10:00:00+05:30,2024-01-02T10:15:00+05:30,10000.0,100,99.0,101.0,15.0,0.0,,,,,,,7.5,,,,,False,2024-01-02T10:01:00+05:30,MISSING_REQUIRED_BAR
SYNTHETIC / NOT MARKET DATA,missing_active_minute,missing_active_minute,SYNTHETIC,stop_and_target,O-L-H-C,UNRESOLVED,2024-01-02T09:59:00+05:30,2024-01-02T10:00:00+05:30,2024-01-02T10:15:00+05:30,10000.0,100,99.0,101.0,15.0,0.0,,,,,,,7.5,,,,,False,2024-01-02T10:01:00+05:30,MISSING_REQUIRED_BAR
SYNTHETIC / NOT MARKET DATA,missing_active_minute,missing_active_minute,SYNTHETIC,time_only,O-H-L-C,UNRESOLVED,2024-01-02T09:59:00+05:30,2024-01-02T10:00:00+05:30,2024-01-02T10:15:00+05:30,10000.0,100,99.0,101.0,15.0,0.0,,,,,,,7.5,,,,,False,2024-01-02T10:01:00+05:30,MISSING_REQUIRED_BAR
SYNTHETIC / NOT MARKET DATA,missing_active_minute,missing_active_minute,SYNTHETIC,stop_only,O-H-L-C,UNRESOLVED,2024-01-02T09:59:00+05:30,2024-01-02T10:00:00+05:30,2024-01-02T10:15:00+05:30,10000.0,100,99.0,101.0,15.0,0.0,,,,,,,7.5,,,,,False,2024-01-02T10:01:00+05:30,MISSING_REQUIRED_BAR
SYNTHETIC / NOT MARKET DATA,missing_active_minute,missing_active_minute,SYNTHETIC,stop_and_target,O-H-L-C,UNRESOLVED,2024-01-02T09:59:00+05:30,2024-01-02T10:00:00+05:30,2024-01-02T10:15:00+05:30,10000.0,100,99.0,101.0,15.0,0.0,,,,,,,7.5,,,,,False,2024-01-02T10:01:00+05:30,MISSING_REQUIRED_BAR
SYNTHETIC / NOT MARKET DATA,missing_after_early_exit,missing_after_early_exit,SYNTHETIC,time_only,O-L-H-C,UNRESOLVED,2024-01-02T09:59:00+05:30,2024-01-02T10:00:00+05:30,2024-01-02T10:15:00+05:30,10000.0,100,99.0,101.0,15.0,0.0,,,,,,,7.5,,,,,False,2024-01-02T10:01:00+05:30,MISSING_REQUIRED_BAR
SYNTHETIC / NOT MARKET DATA,missing_after_early_exit,missing_after_early_exit,SYNTHETIC,stop_only,O-L-H-C,RESOLVED,2024-01-02T09:59:00+05:30,2024-01-02T10:00:00+05:30,2024-01-02T10:15:00+05:30,10000.0,100,99.0,101.0,15.0,0.0,2024-01-02T10:00:00+05:30,STOP,within_bar,99.0,99.0,-100.00000000000009,7.5,7.5,0.0,-115.00000000000009,-115.0000000000001,False,,
SYNTHETIC / NOT MARKET DATA,missing_after_early_exit,missing_after_early_exit,SYNTHETIC,stop_and_target,O-L-H-C,RESOLVED,2024-01-02T09:59:00+05:30,2024-01-02T10:00:00+05:30,2024-01-02T10:15:00+05:30,10000.0,100,99.0,101.0,15.0,0.0,2024-01-02T10:00:00+05:30,STOP,within_bar,99.0,99.0,-100.00000000000009,7.5,7.5,0.0,-115.00000000000009,-115.0000000000001,True,,
SYNTHETIC / NOT MARKET DATA,missing_after_early_exit,missing_after_early_exit,SYNTHETIC,time_only,O-H-L-C,UNRESOLVED,2024-01-02T09:59:00+05:30,2024-01-02T10:00:00+05:30,2024-01-02T10:15:00+05:30,10000.0,100,99.0,101.0,15.0,0.0,,,,,,,7.5,,,,,False,2024-01-02T10:01:00+05:30,MISSING_REQUIRED_BAR
SYNTHETIC / NOT MARKET DATA,missing_after_early_exit,missing_after_early_exit,SYNTHETIC,stop_only,O-H-L-C,RESOLVED,2024-01-02T09:59:00+05:30,2024-01-02T10:00:00+05:30,2024-01-02T10:15:00+05:30,10000.0,100,99.0,101.0,15.0,0.0,2024-01-02T10:00:00+05:30,STOP,within_bar,99.0,99.0,-100.00000000000009,7.5,7.5,0.0,-115.00000000000009,-115.0000000000001,False,,
SYNTHETIC / NOT MARKET DATA,missing_after_early_exit,missing_after_early_exit,SYNTHETIC,stop_and_target,O-H-L-C,RESOLVED,2024-01-02T09:59:00+05:30,2024-01-02T10:00:00+05:30,2024-01-02T10:15:00+05:30,10000.0,100,99.0,101.0,15.0,0.0,2024-01-02T10:00:00+05:30,TARGET,within_bar,101.0,101.0,100.00000000000009,7.5,7.5,0.0,85.00000000000009,85.00000000000009,True,,
SYNTHETIC / NOT MARKET DATA,missing_entry,missing_entry,SYNTHETIC,time_only,O-L-H-C,UNRESOLVED,2024-01-02T09:59:00+05:30,2024-01-02T10:00:00+05:30,2024-01-02T10:15:00+05:30,10000.0,,,,15.0,0.0,,,,,,,,,,,,False,2024-01-02T10:00:00+05:30,MISSING_ENTRY_BAR
SYNTHETIC / NOT MARKET DATA,missing_entry,missing_entry,SYNTHETIC,stop_only,O-L-H-C,UNRESOLVED,2024-01-02T09:59:00+05:30,2024-01-02T10:00:00+05:30,2024-01-02T10:15:00+05:30,10000.0,,,,15.0,0.0,,,,,,,,,,,,False,2024-01-02T10:00:00+05:30,MISSING_ENTRY_BAR
SYNTHETIC / NOT MARKET DATA,missing_entry,missing_entry,SYNTHETIC,stop_and_target,O-L-H-C,UNRESOLVED,2024-01-02T09:59:00+05:30,2024-01-02T10:00:00+05:30,2024-01-02T10:15:00+05:30,10000.0,,,,15.0,0.0,,,,,,,,,,,,False,2024-01-02T10:00:00+05:30,MISSING_ENTRY_BAR
SYNTHETIC / NOT MARKET DATA,missing_entry,missing_entry,SYNTHETIC,time_only,O-H-L-C,UNRESOLVED,2024-01-02T09:59:00+05:30,2024-01-02T10:00:00+05:30,2024-01-02T10:15:00+05:30,10000.0,,,,15.0,0.0,,,,,,,,,,,,False,2024-01-02T10:00:00+05:30,MISSING_ENTRY_BAR
SYNTHETIC / NOT MARKET DATA,missing_entry,missing_entry,SYNTHETIC,stop_only,O-H-L-C,UNRESOLVED,2024-01-02T09:59:00+05:30,2024-01-02T10:00:00+05:30,2024-01-02T10:15:00+05:30,10000.0,,,,15.0,0.0,,,,,,,,,,,,False,2024-01-02T10:00:00+05:30,MISSING_ENTRY_BAR
SYNTHETIC / NOT MARKET DATA,missing_entry,missing_entry,SYNTHETIC,stop_and_target,O-H-L-C,UNRESOLVED,2024-01-02T09:59:00+05:30,2024-01-02T10:00:00+05:30,2024-01-02T10:15:00+05:30,10000.0,,,,15.0,0.0,,,,,,,,,,,,False,2024-01-02T10:00:00+05:30,MISSING_ENTRY_BAR
SYNTHETIC / NOT MARKET DATA,delay_two_minutes,delay_two_minutes,SYNTHETIC,time_only,O-L-H-C,RESOLVED,2024-01-02T09:59:00+05:30,2024-01-02T10:01:00+05:30,2024-01-02T10:16:00+05:30,10000.0,100.2,99.19800000000001,101.202,15.0,0.0,2024-01-02T10:16:00+05:30,TIME,open,100.8,100.8,59.880239520957446,7.5,7.5,0.0,44.880239520957446,44.880239520957446,False,,
SYNTHETIC / NOT MARKET DATA,delay_two_minutes,delay_two_minutes,SYNTHETIC,stop_only,O-L-H-C,RESOLVED,2024-01-02T09:59:00+05:30,2024-01-02T10:01:00+05:30,2024-01-02T10:16:00+05:30,10000.0,100.2,99.19800000000001,101.202,15.0,0.0,2024-01-02T10:16:00+05:30,TIME,open,100.8,100.8,59.880239520957446,7.5,7.5,0.0,44.880239520957446,44.880239520957446,False,,
SYNTHETIC / NOT MARKET DATA,delay_two_minutes,delay_two_minutes,SYNTHETIC,stop_and_target,O-L-H-C,RESOLVED,2024-01-02T09:59:00+05:30,2024-01-02T10:01:00+05:30,2024-01-02T10:16:00+05:30,10000.0,100.2,99.19800000000001,101.202,15.0,0.0,2024-01-02T10:16:00+05:30,TIME,open,100.8,100.8,59.880239520957446,7.5,7.5,0.0,44.880239520957446,44.880239520957446,False,,
SYNTHETIC / NOT MARKET DATA,delay_two_minutes,delay_two_minutes,SYNTHETIC,time_only,O-H-L-C,RESOLVED,2024-01-02T09:59:00+05:30,2024-01-02T10:01:00+05:30,2024-01-02T10:16:00+05:30,10000.0,100.2,99.19800000000001,101.202,15.0,0.0,2024-01-02T10:16:00+05:30,TIME,open,100.8,100.8,59.880239520957446,7.5,7.5,0.0,44.880239520957446,44.880239520957446,False,,
SYNTHETIC / NOT MARKET DATA,delay_two_minutes,delay_two_minutes,SYNTHETIC,stop_only,O-H-L-C,RESOLVED,2024-01-02T09:59:00+05:30,2024-01-02T10:01:00+05:30,2024-01-02T10:16:00+05:30,10000.0,100.2,99.19800000000001,101.202,15.0,0.0,2024-01-02T10:16:00+05:30,TIME,open,100.8,100.8,59.880239520957446,7.5,7.5,0.0,44.880239520957446,44.880239520957446,False,,
SYNTHETIC / NOT MARKET DATA,delay_two_minutes,delay_two_minutes,SYNTHETIC,stop_and_target,O-H-L-C,RESOLVED,2024-01-02T09:59:00+05:30,2024-01-02T10:01:00+05:30,2024-01-02T10:16:00+05:30,10000.0,100.2,99.19800000000001,101.202,15.0,0.0,2024-01-02T10:16:00+05:30,TIME,open,100.8,100.8,59.880239520957446,7.5,7.5,0.0,44.880239520957446,44.880239520957446,False,,
