data_label,case,path,all_three_resolved,time_only_net_bp,stop_only_net_bp,combined_net_bp,combined_minus_time_bp,stop_minus_time_bp,combined_minus_stop_bp
SYNTHETIC / NOT MARKET DATA,both_hit,O-L-H-C,True,34.999999999998934,-115.00000000000009,-115.00000000000009,-149.99999999999903,-149.99999999999903,0.0
SYNTHETIC / NOT MARKET DATA,both_hit,O-H-L-C,True,34.999999999998934,-115.00000000000009,85.00000000000009,50.00000000000115,-149.99999999999903,200.00000000000017
SYNTHETIC / NOT MARKET DATA,common_cost_25bp,O-L-H-C,True,24.999999999998934,-125.00000000000009,-125.00000000000009,-149.99999999999903,-149.99999999999903,0.0
SYNTHETIC / NOT MARKET DATA,common_cost_25bp,O-H-L-C,True,24.999999999998934,-125.00000000000009,75.00000000000009,50.00000000000115,-149.99999999999903,200.00000000000017
SYNTHETIC / NOT MARKET DATA,stop_slippage_10bp,O-L-H-C,True,34.999999999998934,-125.00000000000009,-125.00000000000009,-159.99999999999903,-159.99999999999903,0.0
SYNTHETIC / NOT MARKET DATA,stop_slippage_10bp,O-H-L-C,True,34.999999999998934,-125.00000000000009,85.00000000000009,50.00000000000115,-159.99999999999903,210.00000000000017
SYNTHETIC / NOT MARKET DATA,opening_stop_gap,O-L-H-C,True,34.999999999998934,-215.00000000000017,-215.00000000000017,-249.9999999999991,-249.9999999999991,0.0
SYNTHETIC / NOT MARKET DATA,opening_stop_gap,O-H-L-C,True,34.999999999998934,-215.00000000000017,-215.00000000000017,-249.9999999999991,-249.9999999999991,0.0
SYNTHETIC / NOT MARKET DATA,opening_target_gap,O-L-H-C,True,34.999999999998934,-115.00000000000009,85.00000000000009,50.00000000000115,-149.99999999999903,200.00000000000017
SYNTHETIC / NOT MARKET DATA,opening_target_gap,O-H-L-C,True,34.999999999998934,-115.00000000000009,85.00000000000009,50.00000000000115,-149.99999999999903,200.00000000000017
SYNTHETIC / NOT MARKET DATA,expiry_precedence,O-L-H-C,True,-215.00000000000017,-215.00000000000017,-215.00000000000017,0.0,0.0,0.0
SYNTHETIC / NOT MARKET DATA,expiry_precedence,O-H-L-C,True,-215.00000000000017,-215.00000000000017,-215.00000000000017,0.0,0.0,0.0
SYNTHETIC / NOT MARKET DATA,missing_active_minute,O-L-H-C,False,,,,,,
SYNTHETIC / NOT MARKET DATA,missing_active_minute,O-H-L-C,False,,,,,,
SYNTHETIC / NOT MARKET DATA,missing_after_early_exit,O-L-H-C,False,,-115.00000000000009,-115.00000000000009,,,0.0
SYNTHETIC / NOT MARKET DATA,missing_after_early_exit,O-H-L-C,False,,-115.00000000000009,85.00000000000009,,,200.00000000000017
SYNTHETIC / NOT MARKET DATA,missing_entry,O-L-H-C,False,,,,,,
SYNTHETIC / NOT MARKET DATA,missing_entry,O-H-L-C,False,,,,,,
SYNTHETIC / NOT MARKET DATA,delay_two_minutes,O-L-H-C,True,44.880239520957446,44.880239520957446,44.880239520957446,0.0,0.0,0.0
SYNTHETIC / NOT MARKET DATA,delay_two_minutes,O-H-L-C,True,44.880239520957446,44.880239520957446,44.880239520957446,0.0,0.0,0.0
